,Full Address,Lat,Lon,Lead,Arsenic
0,"Travis,Belmal,Austin,TX",30.26759,-97.74299,341.32,0
1,"SalemWalkDr,CedarGlen,Austin,TX",30.21028,-97.78342,8.61,0
2,"BytonLoop,CherryCreek,Austin,TX",,,0,5.28
3,"Goodwind,Gunter,Austin,TX",30.26842,-97.69726,10.33,0
4,"SunshineDr,51st,Austin,TX",30.32939,-97.72704,41.15,0
5,"ForestRidge,IndigoTrail,Austin,TX",30.39257,-97.89067,9.76,0
6,"LakePines,Longdraw,Austin,TX",30.5131,-97.72484,0,6.57
7,"BullardDr,ShoalCreek,Austin,TX",30.34127,-97.74868,18.67,7.01
8,"EskewDr,WakefieldDr,Austin,TX",30.20559,-97.84262,8.47,0
9,"MLK,VanceCir,Austin,TX",30.19503,-97.77704,108.3,22.11
10,"Sahara,Libyan,Austin,TX",30.20798,-97.79263,15.84,0
11,"Meadgreen,Parkfield,Austin,TX",30.38175,-97.69796,9.56,0
12,"AWGrimes,RoundVille,Austin,TX",30.26759,-97.74299,0,0
13,"Scales,Mathe,Austin,TX",30.26759,-97.74299,8.81,0
14,"Meander,Redonodo,Austin,TX",30.26759,-97.74299,16.12,0
15,"Grimes,PflugervillePkwy,Austin,TX",30.28574,-97.75497,8.72,0
16,"Coppermead,Edenbourgh,Austin,TX",30.33293,-97.64522,11.2,8.96
17,"10th,Northwestern,Austin,TX",30.26604,-97.71402,19.37,0
18,"BalconesDr,35thst.,Austin,TX",30.31375,-97.76755,23.91,0
19,"Meadgren,Humington,Austin,TX",30.38175,-97.69704,0,0
20,"SilvermineDr,LitteDeerCrossing,Austin,TX",30.24131,-97.89142,13.81,0
21,"PotomacCircle,Shenandoah,Austin,TX",30.34694,-97.69133,11.84,5.49
22,"MLK,Hilldale,Austin,TX",30.28668,-97.67156,15.01,0
23,"46tth,Shoalwood,Austin,TX",30.31842,-97.74428,24.87,0
24,"HarrisonLn,BenWhite,Austin,TX",30.22534,-97.67395,14.24,0
25,"52nd,LancasterCt,Austin,TX",30.26759,-97.74299,13.08,0
26,"CoffeeBean,SambucaCir,Austin,TX",30.46388,-97.68706,20.4,0
27,"BearCanyon,SenderoVerde,Austin,TX",30.25448,-97.82923,10.57,7.2
28,"JimThorpe,AndersonDr,Austin,TX",30.15379,-97.84257,12.87,10.68
29,"Colberg,Ruckland,Austin,TX",30.21064,-97.88908,10.95,6.78
30,"MeadowWay,MartinCrossing,Austin,TX",30.23397,-97.71542,7.83,0
31,"AndreZilkerRd,WilliamBarton,Austin,TX",30.26574,-97.76932,20.27,0
32,"W.LiveOakSt.,2ndSt.,Austin,TX",30.24536,-97.76055,80.82,0
33,"InspirationDr,GunnisonPass,Austin,TX",30.30948,-97.65303,14.02,0
34,"AndrewZilker,WilliamBarton,Austin,TX",30.26574,-97.76932,0,5.84
35,"FireOak,Pradera,Austin,TX",30.222,-97.85906,15.79,6.22
36,"PleasantValley,Kuhlman,Austin,TX",30.26667,-97.71058,57.6,0
37,"Geraghty,Vine,Austin,TX",30.34698,-97.74303,27.65,0
38,"Franciso,Pedernales,Austin,TX",30.26759,-97.74299,0,0
39,"Pradera,Fireoak,Austin,TX",30.4227,-97.77116,10.62,0
40,"Brodie,Westgate,Austin,TX",30.26759,-97.74299,0,5.09
41,"McCulloughSt,St.Anthony,Austin,TX",30.30008,-97.76254,10.33,8.13
42,"Manowar,Whirlaway,Austin,TX",30.26759,-97.74299,10,0
43,"FestivalGarden,HollyShores,Austin,TX",30.23883,-97.71875,16.34,0
44,"McCulloughSt,Spring,Austin,TX",30.30085,-97.76439,26.1,0
45,"Gilber,MountainView,Austin,TX",30.29636,-97.77208,21.59,6.65
46,"Florencia,PinonVista,Austin,TX",30.29014,-97.64374,0,7.35
47,"NeansDr,CrippleCreek,Austin,TX",30.37528,-97.70178,12.82,0
48,"Fiesta,Lyons,Austin,TX",30.26351,-97.70674,24.13,0
49,"290E,973,Austin,TX",,,8.95,0
50,"ReddSt,DianeDr,Austin,TX",30.2247,-97.78465,27.88,10.6
51,"TomWooten,TomWooten,Austin,TX",30.35497,-97.7872,9.36,0
52,"OldKimbroRd,Us-290East,Austin,TX",,,10.73,10.33
53,"EastsideMemorial,Windsor,Austin,TX",30.29861,-97.77144,72.74,0
54,"TomWooten,TomWooten,Austin,TX",30.35497,-97.7872,0,6.16
55,"SentinelHill,HeritageOaks,Austin,TX",30.21,-97.99036,0,0
56,"EastsideMemorial,SmallGrovebananaTree,Austin,TX",30.29527,-97.74002,9.84,0
57,"TomWooten,ScottIsland,Austin,TX",30.35626,-97.78716,0,0
58,"Pecan,Heatherwilde,Austin,TX",30.26759,-97.74299,175.46,0
59,"EastsideMemorial,Cafeteria,Austin,TX",30.29527,-97.74002,13.64,0
60,"South5th,TerraceHillDr,Austin,TX",30.23705,-97.76763,11.79,0
61,"McBeetVaugh,Gaven,Austin,TX",30.26759,-97.74299,35.59,0
62,"EastsideMemorial,LargeBananaTree,Austin,TX",30.29527,-97.74002,13.48,7.59
63,"E.11th,Alamo,Austin,TX",30.2530528,-97.7375257,19.73,0
64,"Slaughter,BradshawDr,Austin,TX",30.26759,-97.74299,0,0
65,"EastsideMemorial,VeggieGarden,Austin,TX",30.29527,-97.74002,0,0
66,"Connor,Cambourne,Austin,TX",30.41189,-97.65058,7.14,0
67,"Slughter,Dradshaw,Austin,TX",30.26759,-97.74299,10.52,0
68,"HowardLn,McAllenPass,Austin,TX",30.41929,-97.66091,0,0
69,"RosemaryLn,OakPlaza,Austin,TX",30.35102,-97.69738,40.47,0
70,"Slaughter,Brasher,Austin,TX",30.17728,-97.83695,0,0
71,"9th,Henderson,Austin,TX",30.27361,-97.75171,58.7,0
72,"Tesoro,GreenRiviers,Austin,TX",30.4465,-97.75067,12.02,0
73,"NortheastDr,Arnold,Austin,TX",30.31045,-97.67357,9.58,0
74,"9th,Henderson,Austin,TX",30.27361,-97.75171,25.45,0
75,"Tesoro,GreenRiviers,Austin,TX",30.4465,-97.75067,19.25,0
76,"EastsideMemorial,HumanityCourtyard,Austin,TX",30.29527,-97.74002,14.46,0
77,"9th,Henderson,Austin,TX",30.27361,-97.75171,29.63,0
78,"SentinelHill,HeritageOaks,Austin,TX",30.21,-97.99036,7.46,0
79,"EastsideMemorial,OldCorner,Austin,TX",30.29527,-97.74002,8.2,7.43
80,"Rundberg,Teasdale,Austin,TX",30.35405,-97.6815,8.14,0
81,"9th,Henderson,Austin,TX",30.27361,-97.75171,31.49,0
82,"LiveOak,Schriber,Austin,TX",30.23581,-97.74289,16.52,6.2
83,"BartonSprings,Stratford,Austin,TX",30.26673,-97.77015,27.87,0
84,"NuttyBrown,SignalHill,Austin,TX",30.19163,-97.97138,16.6,0
85,"Mariposa,Parker,Austin,TX",30.23519,-97.7351,19.29,0
86,"BartonSprings,Stratford,Austin,TX",30.26673,-97.77015,23.31,0
87,"MLKJr,EMFranklin,Austin,TX",30.28375,-97.69614,9.23,0
88,"Mahone,Burnet,Austin,TX",30.35813,-97.73031,21.07,0
89,"BartonSprings,Stratford,Austin,TX",30.26673,-97.77015,17.36,0
90,"Philomena,Matti,Austin,TX",30.29994,-97.70292,0,6.89
91,"ThamesDr,Wellington,Austin,TX",30.30933,-97.68704,12.67,0
92,"WallerSt,FloresSt,Austin,TX",30.25351,-97.73555,17.18,0
93,"47th,Rosedale,Austin,TX",30.31842,-97.74079,105.45,0
94,"WallerSt,NashHernandez,Austin,TX",30.25242,-97.73549,21.76,0
95,"ElRey,ElDorado,Austin,TX",30.22027,-97.9104,18.84,13.4
96,"47th,Rosedale,Austin,TX",30.31842,-97.74079,0,5.61
97,"ElRey,ElDorado,Austin,TX",30.22027,-97.9104,11.16,0
98,"ElRey,ElDorado,Austin,TX",30.22027,-97.9104,11.56,7.75
99,"LandGrantWay,CottonGin,Austin,TX",,,0,0
100,"NormanTrail,Slaughter,Austin,TX",30.19313,-97.85866,19.86,9.23
101,"DeerTrack,MaverickDr,Austin,TX",30.42715,-97.73611,21.65,0
102,"TamarackTrl,Manhasset,Austin,TX",30.43018,-97.71546,23.32,8.91
103,"Exeter,Roxmoor,Austin,TX",30.30613,-97.68266,13.07,0
104,"43rd,Rosedale,Austin,TX",30.31336,-97.74405,42.18,14.38
105,"Tillery,Thompson,Austin,TX",30.2674,-97.70161,16.95,0
106,"Slaughter,SydneyMarilyn,Austin,TX",30.1647,-97.79661,0,0
107,"PicketRope,Cinchring,Austin,TX",30.41518,-97.68381,0,6.69
108,"Vasquez,Montana,Austin,TX",30.2307,-97.69403,15,0
109,"Wynne,Albert,Austin,TX",30.26759,-97.74299,23.47,9.66
110,"Linda,Wheless,Austin,TX",30.31486,-97.6899,15.4,7.05
111,"SageHollow,CricketHollow,Austin,TX",30.38544,-97.70244,12.91,0
112,"Suffolk,Belfast,Austin,TX",30.30905,-97.69931,35.83,0
113,"Vega,SouthwestParkway,Austin,TX",30.24953,-97.85305,10.77,0
114,"PalmaPlaza,Woodlawn,Austin,TX",30.2826,-97.76081,117.51,23.6
115,"Waterston,Woodlawn,Austin,TX",30.28196,-97.76136,318.58,26.46
116,"Vega,SouthwestParkway,Austin,TX",30.24953,-97.85305,24.23,0
117,"Vega,SouthwestParkway,Austin,TX",30.24953,-97.85305,15.29,0
118,"PattersonRd,BeeCaveRd,Austin,TX",30.31318,-97.88132,0,8.32
119,"W30thSt,BeverlyRd,Austin,TX",30.30336,-97.75619,45.31,0
120,"TanglebriarTr,ElSalido,Austin,TX",30.45702,-97.82146,0,8.14
121,"Vallejo,Hardy,Austin,TX",30.34288,-97.73491,17.77,14.28
122,"Woodland,Woodleigh,Austin,TX",30.26759,-97.74299,102.7,0
123,"Richcreek,St.LouisSt.,Austin,TX",30.34959,-97.73233,17.57,0
124,"ConvictHill,Whistlestop,Austin,TX",30.22379,-97.86459,8.97,6.35
125,"Parmer,LamplightVillage,Austin,TX",30.41577,-97.69596,8.16,0
126,"GracyFarmsLn,SwearingenDr,Austin,TX",30.39566,-97.69259,16.65,0
127,"Parmer,LamplightVillage,Austin,TX",30.41577,-97.69596,0,0
128,"Parmer,LamplightVillage,Austin,TX",30.41577,-97.69596,0,0
129,"Lynridge,DubuqueLn,Austin,TX",30.31726,-97.66517,19.91,0
130,"Loop1,Enfield,Austin,TX",30.278824,-97.7519266,53.81,0
131,"Woodmont,StamfordLn,Austin,TX",30.2919,-97.76931,0,0
132,"Maine,Jamestown,Austin,TX",30.3552,-97.71255,0,0
133,"CarlsbadDr,NapaDr,Austin,TX",30.31219,-97.92525,9.98,0
134,"Ribbecke,Webberville,Austin,TX",30.27935,-97.68289,30.21,0
135,"9th,Winflow,Austin,TX",30.27606,-97.75756,14.05,0
136,"Shelley,W.91/2St.,Austin,TX",30.27592,-97.75597,100.69,12.23
137,"W.10th,Maufrais,Austin,TX",30.27769,-97.75761,21.34,0
138,"Winwick,N.Shields,Austin,TX",30.42566,-97.69668,12.09,6.9
139,"JesterBlvd,BerryconeCv,Austin,TX",30.38272,-97.79881,8.45,0
140,"JesterBlvd,BerryconeCv,Austin,TX",30.38272,-97.79881,9.88,6.55
141,"SawyerFayLn,JackRyanLn,Austin,TX",30.16562,-97.79749,0,7.87
142,"Moutainclimb,DryCreek,Austin,TX",,,16.8,0
143,"Gloucester,Claymoor,Austin,TX",30.29924,-97.67956,21.25,0
144,"HazelhurstDr,VillaPark,Austin,TX",30.46122,-97.77166,0,0
145,"48th,RedRiver,Austin,TX",30.30835,-97.71734,19.55,8.53
146,"SaraDr,EbertAve,Austin,TX",30.26764,-97.68712,23.99,0
147,"ScofieldLn,RampartSt,Austin,TX",30.4187,-97.68999,12.49,0
148,"Pease,Norhumberland,Austin,TX",30.26759,-97.74299,36.53,0
149,"15thst,Pease,Austin,TX",30.27841,-97.74455,14.65,0
150,"Niles,Woodlawn,Austin,TX",30.28641,-97.75868,77.58,0
151,"W.MarySt.,S2nd,Austin,TX",30.24696,-97.75783,13.01,0
152,"jamieDr,Siltstone,Austin,TX",30.26759,-97.74299,12.45,0
153,"Woodlawn,CromwellHill,Austin,TX",30.28553,-97.75913,13.56,0
154,"BelclaireLn,BlueValley,Austin,TX",30.18246,-97.79274,17.15,0
155,"Belfast,Ridgehaven,Austin,TX",30.3127,-97.69703,23.8,0
156,"Cooper,BodarkLn,Austin,TX",30.19486,-97.79348,15.1,0
157,"JeanDr,Applegate,Austin,TX",30.37076,-97.68523,38.17,0
158,"JeanDr,Applegate,Austin,TX",30.37076,-97.68523,13.76,0
159,"49th,Duval,Austin,TX",30.31202,-97.72136,13.46,7.39
160,"Greenheard,Woodbine,Austin,TX",30.29163,-97.75521,23.04,0
161,"49th,Duval,Austin,TX",30.31202,-97.72136,8.37,8.23
162,"12th,Chicon,Austin,TX",30.27376,-97.7199,34.83,0
163,"Pandora,SolWilson,Austin,TX",30.27496,-97.70582,68.94,0
164,"SolWilson,CommunityGarden,Austin,TX",30.27515,-97.70464,60.4,0
165,"42nd,Ramsey,Austin,TX",30.31269,-97.74562,19.99,0
166,"Ridgeway,SolWilson,Austin,TX",30.24292,-97.75565,10.59,0
167,"42nd,Bellevue,Austin,TX",30.26759,-97.74299,8.29,0
168,"Spring,Ridgeway,Austin,TX",30.27378,-97.70428,50.03,0
169,"PewterLn,ButtonBendRd.,Austin,TX",30.20072,-97.73981,15.98,0
170,"Ridgeway,OakSpring,Austin,TX",30.2766,-97.69839,47.82,0
171,"Rosewood,Webberville,Austin,TX",30.27243,-97.70486,49.95,0
172,"S.Manchaca,Frate-Barker,Austin,TX",,,11.74,0
173,"Lott,Nickols,Austin,TX",30.27681,-97.68465,50.47,0
174,"OpenRangeTrl,Abilene,Austin,TX",30.22096,-97.86695,18.19,0
175,"ScotlandWellDr,SpicewoodsSpringsRd,Austin,TX",30.42252,-97.7936,0,0
176,"ScotlandWellDr,SpicewoodsSpringsRd,Austin,TX",30.42252,-97.7936,0,0
177,"ScotlandWellDr,SpicewoodsSpringsRd,Austin,TX",30.42252,-97.7936,0,9.79
178,"ScotlandWellDr,SpicewoodsSpringsRd,Austin,TX",30.42252,-97.7936,0,0
179,"Denton,Delta,Austin,TX",30.38751,-97.71732,0,0
180,"ScotlandWellDr,SpicewoodsSpringsRd,Austin,TX",30.42252,-97.7936,0,0
181,"JillsueCr,WendtsWay,Austin,TX",30.4549,-97.80314,13.52,0
182,"Navasota,Lambie,Austin,TX",30.26759,-97.74299,19.22,0
183,"AACG,40,Austin,TX",30.30981,-97.74551,0,0
184,"AACG,62f,Austin,TX",30.26759,-97.74299,7.33,0
185,"AACG,53,Austin,TX",30.31634,-97.71838,8.79,0
186,"AACG,70,Austin,TX",30.26759,-97.74299,0,0
187,"CrystalBrook,Milrace,Austin,TX",30.3156,-97.65196,7.14,0
188,"AACG,51,Austin,TX",30.30314,-97.69833,9.12,0
189,"AACG,48,Austin,TX",30.31126,-97.7229,10.93,0
190,"AACG,25,Austin,TX",30.28931,-97.74458,0,0
191,"AACG,15,Austin,TX",30.27841,-97.74455,0,20.89
192,"BurlyOak,GainsMill,Austin,TX",30.19819,-97.81403,11.07,0
193,"BurlyOak,GainsMill,Austin,TX",30.19819,-97.81403,14.45,8.19
194,"CeylonTeaCir,Sumatra,Austin,TX",30.21211,-97.83928,13.98,0
195,"14th,Poquito,Austin,TX",30.27591,-97.71932,28.15,0
196,"SanLucasLn,Kavailn,Austin,TX",30.17107,-97.73141,0,0
197,"SoutRidgeLane,RockyRidgeRd,Austin,TX",30.41989,-97.94353,12.73,0
198,"WestslopeDr,F.M.2222,Austin,TX",30.34145,-97.78069,10.24,0
199,"SeviallDr,WestSequoia,Austin,TX",30.2955,-97.74095,12.48,0
200,"Rockwood,Charlwood,Austin,TX",30.3661,-97.73412,0,0
201,"Rockwod,CharlwoodDr,Austin,TX",30.3661,-97.73412,6.89,0
202,"SevillaDr,EastEsparada,Austin,TX",30.32815,-97.68652,16.07,8.29
203,"Rockshelfln,StoneForrest,Austin,TX",30.55963,-97.74026,9.75,0
204,"Brookview,Schietler,Austin,TX",30.23574,-97.88594,14.64,0
205,"Brookview,Schietler,Austin,TX",30.23574,-97.88594,44.75,0
206,"ColonyLoopDr,ValleyFieldDr,Austin,TX",30.29868,-97.62961,10.64,0
207,"SenderoHill,AlsaceTr,Austin,TX",30.29128,-97.6467,11.73,8.34
208,"WhisperingValleyDr,MistyBrook,Austin,TX",30.41776,-97.73278,8.94,5.79
209,"Chisholmln,Slaughter,Austin,TX",30.17386,-97.81095,19.88,0
210,"AnnieOakley,Derringer,Austin,TX",30.36771,-97.68783,9.78,0
211,"Rainey,Rivier,Austin,TX",30.26759,-97.74299,13.86,0
212,"16th,DeloneySt.,Austin,TX",30.26759,-97.74299,22.64,7.7
213,"9th,Chicon,Austin,TX",30.26419,-97.72138,77.52,0
214,"9th,Chicon,Austin,TX",30.26419,-97.72138,49.43,0
215,"HankST,Casey,Austin,TX",30.22491,-97.77965,14.88,7.52
216,"HankSt,Casey,Austin,TX",30.22491,-97.77965,10.73,8.55
217,"Ridgehaven,Belfast,Austin,TX",30.3127,-97.69703,55.15,0
218,"30th,Kerbey,Austin,TX",30.30199,-97.75334,74.15,0
219,"30th,Kerbey,Austin,TX",30.30199,-97.75334,70.12,0
220,"MountBonnell,TwinValleyCove,Austin,TX",30.34875,-97.78047,9.91,0
221,"Gonzales,Pedernales,Austin,TX",30.26184,-97.71328,142.64,0
222,"Frend,32nd,Austin,TX",30.3003,-97.74297,46.68,0
223,"Alamo,21st,Austin,TX",30.28211,-97.71971,33.63,8.53
224,"Willow,SanSaba,Austin,TX",30.25299,-97.71585,67.35,0
225,"TaylorGaines,BellairDr.,Austin,TX",30.24122,-97.73445,0,0
226,"Burrell,Villanova,Austin,TX",30.36002,-97.72125,15.47,9.02
227,"Summit,PrairieLane,Austin,TX",30.47435,-97.68372,11.74,0
228,"Rockmoor,Steverson,Austin,TX",30.30016,-97.77906,12.37,0
229,"Rookbridge,FairHaven,Austin,TX",30.26759,-97.74299,18.42,0
230,"French,32nd,Austin,TX",30.28767,-97.71873,29.12,0
231,"StarGazerWay,SpringBrook,Austin,TX",,,0,0
232,"Holly,Waller,Austin,TX",30.25632,-97.73427,27.4,0
233,"32nd,French,Austin,TX",30.28767,-97.71873,15.45,0
234,"Longwood,TallOaks,Austin,TX",30.22175,-97.99194,15.24,0
235,"Whitebrook,CrystalBrook,Austin,TX",30.30494,-97.6529,9.15,0
236,"LakeAustin,VeteransDr,Austin,TX",30.27768,-97.77186,19.2,0
237,"Longwood,TallOaks,Austin,TX",30.22175,-97.99194,0,8.2
238,"9th,Mill,Austin,TX",30.26361,-97.71887,58.01,0
239,"49th,Sunrise,Austin,TX",30.26759,-97.74299,39.44,0
240,"Gochman,ZachScott,Austin,TX",30.29427,-97.7019,0,0
241,"GarnerAve,TreadwellSt,Austin,TX",30.25866,-97.76646,89.8,0
242,"14th,Salina,Austin,TX",30.27559,-97.72133,73.13,0
243,"RoyalDublin,Pasatiempo,Austin,TX",30.49619,-97.76011,8.04,0
244,"HollywoodAve,EdgewoodAve,Austin,TX",30.29009,-97.72038,24.12,0
245,"HenryKinneyBlvd,Escarpment,Austin,TX",30.21879,-97.87207,16.79,0
246,"TiombeBend,LaCressadaDr.,Austin,TX",30.2065,-97.86491,0,0
247,"HenryKinneyBlvd,Escarpment,Austin,TX",30.21879,-97.87207,12.27,7.82
248,"BeckettRd,LaCresadaDr,Austin,TX",30.20404,-97.87077,8.23,7.66
249,"Anarosa,ScofieldFarms,Austin,TX",,,0,0
250,"BeckettRd,TaylorCrest,Austin,TX",30.20581,-97.87044,11.22,0
251,"Anarosa,ScofieldFarms,Austin,TX",,,9.26,0
252,"BeckettRd,DavisLn,Austin,TX",30.20782,-97.86942,12.98,11.12
253,"RioPass,UrayDr,Austin,TX",30.3166,-97.65357,0,8.44
254,"BeckettRd,DavisLn,Austin,TX",30.20782,-97.86942,0,11.82
255,"LayolaLn,DubuqueLn,Austin,TX",30.26759,-97.74299,41.34,10.04
256,"1458,DavisLn,Austin,TX",30.19532,-97.84232,13.01,7.02
257,"Nile,PleasantValley,Austin,TX",30.26885,-97.71174,32.26,0
258,"Edenwood,Westgate,Austin,TX",30.20323,-97.81776,14.06,0
259,"8th,Northwestern,Austin,TX",30.26445,-97.71321,50.65,0
260,"ScenicBrookDr,GroveCrest,Austin,TX",30.23649,-97.88397,0,5.43
261,"SonnetAve,Westchester,Austin,TX",30.36549,-97.74585,0,0
262,"Adelphi,Amherst,Austin,TX",30.42151,-97.71563,24,0
263,"Blessing,E.Anderson,Austin,TX",30.33438,-97.69149,15,0
264,"Cameron,E.Anderson,Austin,TX",30.3328,-97.68613,0,0
265,"LakeAustin,Mopac,Austin,TX",30.28609,-97.77893,27,0
266,"Waterson,Mopac,Austin,TX",30.34196,-97.75325,190,0
267,"BearCreek,FM1826,Austin,TX",30.16636,-97.94522,21,0
268,"Terrace,Eastside,Austin,TX",30.24198,-97.74675,19,0
269,"Kemp,Clovis,Austin,TX",30.2432,-97.69325,15,0
270,"C.Chavez,Mopac,Austin,TX",30.34196,-97.75325,15,0
271,"Mancha,TXHwy71,Austin,TX",30.23676,-97.83763,52,0
272,"GardeniaGarden,WhiteRockDr.,Austin,TX",30.33903,-97.74634,0,0
273,"Jasmine,WhiteRockDr.,Austin,TX",30.33903,-97.74634,23,0
274,"MKL,EMFranklin,Austin,TX",30.28599,-97.69712,59,0
275,"Cameron,E.Anderson,Austin,TX",30.3328,-97.68613,18,0
276,"S.1st,Stassney,Austin,TX",30.20844,-97.78154,18,0
277,"Blackberry,Lunar,Austin,TX",30.18579,-97.78686,13,0
278,"Blackberry,Lunar,Austin,TX",30.18579,-97.78686,0,0
279,"Blackberry,Lunar,Austin,TX",30.18579,-97.78686,0,0
280,"Blackberry,Lunar,Austin,TX",30.18579,-97.78686,0,0
281,"WalnutAve.,32nd,Austin,TX",30.28618,-97.71441,14,0
282,"Holly,RobertMartinez,Austin,TX",30.25208,-97.72237,50,0
283,"JoeSayers,Woodrow,Austin,TX",30.32657,-97.73588,16,0
284,"Koenig,Burnet,Austin,TX",30.3348,-97.73983,0,0
285,"Koenig,Burnet,Austin,TX",30.3348,-97.73983,0,0
286,"Grover,Woodrow,Austin,TX",30.34839,-97.72326,100,0
287,"Oxford,Valeria,Austin,TX",30.24977,-97.7709,59,0
288,"Oxford,Valeria,Austin,TX",30.24977,-97.7709,52,0
289,"AttarCove,CharingCross,Austin,TX",30.42898,-97.76721,16,0
290,"Vineland,E.40th,Austin,TX",30.29198,-97.70921,16,0
291,"MLK,Springdale,Austin,TX",30.28585,-97.68263,16,0
292,"MLK,Springdale,Austin,TX",30.28585,-97.68263,26,0
293,"PrairieHenLn,HiddenQuail,Austin,TX",30.39418,-97.70064,16,0
294,"PrairieHenLn,HiddenQuail,Austin,TX",30.39418,-97.70064,65,0
295,"SingleTrace,Townhill,Austin,TX",30.44372,-97.68842,17,0
296,"AntoinettePl.,CabanaLn.,Austin,TX",30.41919,-97.72171,0,0
297,"Walnut,Hemlock,Austin,TX",30.28749,-97.71512,26,0
298,"Walnut,Hemlock,Austin,TX",30.28749,-97.71512,44,0
299,"Walnut,Manor,Austin,TX",30.2851,-97.71417,0,0
300,"Walnut,Hemlock,Austin,TX",30.28749,-97.71512,22,0
301,"EmeraldWood,S.1st,Austin,TX",30.21289,-97.7785,22,0
302,"Byron,Durnberry,Austin,TX",30.23553,-97.7861,0,0
303,"Byron,Durnberry,Austin,TX",30.23553,-97.7861,14,0
304,"Nickols,Webberville,Austin,TX",30.26667,-97.70822,22,0
305,"Needham,WhalebridgeLns,Austin,TX",30.1914,-97.89482,11,0
306,"SpringdaleRd.,BreedsHill,Austin,TX",30.33848,-97.64871,22,0
307,"14th,Comal,Austin,TX",30.27514,-97.72425,0,0
308,"AltaVistaAve.,Woodland,Austin,TX",30.24406,-97.74318,13,0
309,"49th,Bennet,Austin,TX",30.30888,-97.71488,210,0
310,"DormanDr.,Jilbur,Austin,TX",30.50591,-97.73334,21,0
311,"DormanDr.,Jilbur,Austin,TX",30.50591,-97.73334,14,0
312,"SunnySlope,RR258,Austin,TX",30.29887,-97.76149,120,0
313,"SunnySlope,RR258,Austin,TX",30.29887,-97.76149,45,0
314,"SunnySlope,RR258,Austin,TX",30.29887,-97.76149,45,0
315,"MoPac,C.Chavez,Austin,TX",30.34196,-97.75325,15,0
316,"MoPac,C.Chavez,Austin,TX",30.34196,-97.75325,20,0
317,"Hart,FarWest,Austin,TX",30.35505,-97.75665,0,0
318,"Hart,FarWest,Austin,TX",30.35505,-97.75665,13,0
319,"Hart,FarWest,Austin,TX",30.35505,-97.75665,0,0
320,"Hart,FarWest,Austin,TX",30.35505,-97.75665,0,0
321,"NelsonRanchLoop,AndersonMillRd.,Austin,TX",30.45491,-97.7706,0,0
322,"NelsonRanchLoop,AndersonMillRd.,Austin,TX",30.45491,-97.7706,0,0
323,"I-35,Flores,Austin,TX",30.25374,-97.73625,10,0
324,"Hatley,Wallis,Austin,TX",30.27698,-97.78379,17,0
325,"GreatValley,Danridge,Austin,TX",30.2766,-97.69839,10,0
326,"Wm.Cannon,TXHwy71,Austin,TX",30.23676,-97.83763,16,0
327,"55th,Chesterfield,Austin,TX",30.3213,-97.72283,20,0
328,"Mopac,Wm.Cannon,Austin,TX",30.18106,-97.75034,16,0
329,"Brentwood,Elwood,Austin,TX",30.33759,-97.72889,31,0
330,"Rowood,AirportBlvd.,Austin,TX",30.29929,-97.71081,20,0
331,"Airport,53rd,Austin,TX",30.31403,-97.71503,39,0
332,"Airport,45th,Austin,TX",30.30362,-97.716,0,0
333,"ChisolmLn.,Slaughter,Austin,TX",30.20064,-97.87165,11,0
334,"Chisolm,Slaughter(front),Austin,TX",30.20064,-97.87165,17,0
335,"ChisolmLn.,Slaughter,Austin,TX",30.20064,-97.87165,20,0
336,"51st,183,Austin,TX",30.29232,-97.66411,0,0
337,"51st,183,Austin,TX",30.29232,-97.66411,0,0
338,"Bluebonnet,Lund,Austin,TX",30.25159,-97.77413,0,0
339,"Grover,Romer,Austin,TX",30.33193,-97.72748,38,0
340,"45th,Sunshine,Austin,TX",30.32939,-97.72704,12,0
341,"PonchaPass,LaConchaPass,Austin,TX",30.2264,-97.87693,12,0
342,"PonchaPass,LaConchaPass,Austin,TX",30.2264,-97.87693,0,0
343,"Plymouth,Jameson,Austin,TX",30.357,-97.70922,12,0
344,"Westview,Lucas,Austin,TX",30.3338,-97.7638,40,21
345,"45th,Depew,Austin,TX",30.30437,-97.71869,12,0
346,"9th,Chicon,Austin,TX",30.26419,-97.72138,57,0
347,"Slaughter,Manchaca,Austin,TX",30.20064,-97.87165,30,0
348,"WallyAve.,Springdale,Austin,TX",30.28174,-97.68533,46,0
349,"Chicon,11th,Austin,TX",30.26606,-97.72053,86,0
350,"Chicon,7th,Austin,TX",30.26255,-97.72215,15,9
351,"Chalmers,11th,Austin,TX",30.26677,-97.72253,43,0
352,"10th,Menden,Austin,TX",30.27069,-97.73753,24,0
353,"Teakwood,ShadowwoodDr.,Austin,TX",30.35864,-97.72581,25,12
354,"Saddle,BlackAngus,Austin,TX",30.42275,-97.73079,9,0
355,"CaesarChavez,Chicon,Austin,TX",30.25712,-97.72464,19,9
356,"I-H290,McArthurDr.,Austin,TX",,,12,0
357,"1st,Stassney,Austin,TX",30.20844,-97.78154,15,0
358,"Bolm,Perry,Austin,TX",30.2565,-97.68664,11,0
359,"Bolm,Mansell,Austin,TX",30.26113,-97.69611,17,0
360,"Bolm,Mansell,Austin,TX",30.26113,-97.69611,131,0
361,"OakPlaza,Walnut,Austin,TX",30.37955,-97.67256,16,0
362,"Bordeaux,Tallegron,Austin,TX",30.43033,-97.80573,10,12
363,"9th,Lincoln,Austin,TX",30.26389,-97.72011,58,0
364,"9th,Lincoln,Austin,TX",30.26389,-97.72011,41,0
365,"Fairweather,NewHope,Austin,TX",,,0,0
366,"W.NewHope,FM1431,Austin,TX",30.54826,-97.74511,15,0
367,"W.NewHope,FM1431,Austin,TX",30.54826,-97.74511,22,0
368,"Sunshine,Lamar,Austin,TX",30.31483,-97.73652,0,0
369,"MLK,Airport,Austin,TX",30.28254,-97.70396,36,0
370,"FairmontCr.,FairhillLn.,Austin,TX",30.21847,-97.79778,10,0
371,"PattersonAve.,FrancisAve.,Austin,TX",30.27768,-97.7659,82,0
372,"Canterbury,Navasota,Austin,TX",30.2576,-97.73124,63,0
373,"22nd,Chicon,Austin,TX",30.28277,-97.72187,139,0
374,"MLK,EMFranklin,Austin,TX",30.28375,-97.69614,64,0
375,"ManorRd.,EMFranklin,Austin,TX",30.29008,-97.69406,19,0
376,"13th,SingletonAve.,Austin,TX",30.27568,-97.71417,132,0
377,"E.21stSt.,Alamo,Austin,TX",30.28211,-97.71971,30,0
378,"28th,LayafetteAve.,Austin,TX",30.2855,-97.72199,60,0
379,"DavisLane,StarCross,Austin,TX",30.19532,-97.84232,10,0
380,"OakwoodGlenDr.,SpiderLily,Austin,TX",,,0,0
381,"OakwoodGlenDr.,SpiderLily,Austin,TX",,,10,0
382,"OakwoodGlenDr.,SpiderLily--ANNEX,Austin,TX",,,8,0
383,"Hancock,ValleyOakDr.,Austin,TX",30.3314,-97.7569,44,0
384,"Denson,Guadalupe,Austin,TX",30.32886,-97.72044,0,0
385,"Lakeline,Hwy183,Austin,TX",30.47998,-97.80186,11,0
386,"Waller,I-35,Austin,TX",30.25388,-97.73507,22,0
387,"39th,AveF,Austin,TX",30.30188,-97.7315,65,0
388,"AndersonMillRd.,Blk.Oak,Austin,TX",30.45491,-97.7706,0,0
389,"Lafayette,30th,Austin,TX",30.28652,-97.72053,33,0
390,"53-1/2St.,Harmon,Austin,TX",30.31297,-97.71031,0,0
391,"Brodie,ElijahSt.,Austin,TX",30.20413,-97.83664,14,0
392,"AlfAve.,DonAnn,Austin,TX",30.26742,-97.69069,38,0
393,"Burleson,Metcalfe,Austin,TX",30.22219,-97.73454,34,0
394,"BeaverBrookLn.,Orr,Austin,TX",30.1794,-97.79374,0,0
395,"Airport,Rowood,Austin,TX",30.29929,-97.71081,38,0
396,"I-35,US-183,Austin,TX",30.33935,-97.70074,17,0
397,"SunshineGarden,48thSt.N.Lamar,Austin,TX",30.31483,-97.73652,23,0
398,"S.1st,RambleLn.,Austin,TX",30.2113,-97.77926,13,0
399,"Airport,MLK,Austin,TX",30.28254,-97.70396,37,0
400,"Rockwood,Steck,Austin,TX",30.36465,-97.73505,12,8
401,"Schriber,LiveOak,Austin,TX",30.23581,-97.74289,17,0
402,"Prock,Springdale,Austin,TX",30.2707,-97.69227,0,0
403,"ScotlandWell,CairaCove,Austin,TX",30.4265,-97.79659,16,0
404,"E.2nd,Caney--West,Austin,TX",30.25698,-97.72128,31,0
405,"E.2nd,Caney--East,Austin,TX",30.25698,-97.72128,37,0
406,"Broadmoor,Berkman--veg,Austin,TX",30.30633,-97.69736,53,0
407,"RedWillow,BenjaminDr.,Austin,TX",30.22612,-97.7327,14,0
408,"Jamestown,Chesapeake,Austin,TX",30.35719,-97.70616,14,0
409,"6th,Marx,Austin,TX",30.24865,-97.76325,17,0
410,"6th,Marx,Austin,TX",30.24865,-97.76325,11,0
411,"ChappellLn,Manchaca,Austin,TX",30.15171,-97.82575,10,0
412,"Comal,ConchoSt.,Austin,TX",30.26585,-97.72404,34,0
413,"39th,RedRiver,Austin,TX",30.29729,-97.72298,52,0
414,"Ave.H,46thSt.,Austin,TX",30.30929,-97.72431,32,0
415,"NewHampshire,Fairfield,Austin,TX",30.35912,-97.70905,20,0
416,"EtonLn.,Duval,Austin,TX",30.41449,-97.72295,0,0
417,"8th,Swenson,Austin,TX",30.2635,-97.71527,28,0
418,"BobHarrison,Navasota,Austin,TX",30.27402,-97.72807,60,0
419,"BobHarrison,Navasota,Austin,TX",30.27402,-97.72807,121,0
420,"Pennsylvania,Greenwood,Austin,TX",30.27551,-97.69697,153,0
421,"AWGrimes,GattisSchool,Austin,TX",,,12,0
422,"Hunt,GreatNorthern,Austin,TX",30.34515,-97.75061,0,8
423,"Wheless,Manor,Austin,TX",30.3078,-97.67853,28,0
424,"Ventus,AltumSt.,Austin,TX",30.25814,-97.68417,13,0
425,"WaltonLn.,BoggyCreek,Austin,TX",30.25881,-97.68801,12,0
426,"10th,Prospect--Back,Austin,TX",30.26427,-97.71782,98,0
427,"10th,Prospect--Front,Austin,TX",30.26427,-97.71782,51,0
428,"S.Redondo,Meander,Austin,TX",30.28093,-97.68108,0,15
429,"S.Redondo,Meander,Austin,TX",30.28093,-97.68108,32,11
430,"ArthurStiles,LotusLn.B,Austin,TX",30.26071,-97.67823,14,0
431,"E.28th,DancySt.,Austin,TX",30.28572,-97.72243,366,0
432,"Rockwood,Steck,Austin,TX",30.36465,-97.73505,19,0
433,"Hudson,Eleanor,Austin,TX",30.27376,-97.67931,29,0
434,"Hermitage,Furness--A,Austin,TX",30.34711,-97.68607,9,0
435,"Nile,PleasantValley,Austin,TX",30.26885,-97.71174,39,0
436,"Gaylor,Guadalupe,Austin,TX",30.33278,-97.71769,57,0
437,"Cherrywood,Edgewood,Austin,TX",30.28799,-97.71602,19,0
438,"TreadwellSt.,Garner,Austin,TX",30.25866,-97.76646,0,8
439,"Perry,Bolm,Austin,TX",30.2565,-97.68664,12,0
440,"TrumanHeights/Bunch,SamuelHouston,Austin,TX",,,18,0
441,"Goodwin,Tillery,Austin,TX",30.2696,-97.70058,0,7
442,"RockTerraceDr.,BartonSkyway,Austin,TX",30.25183,-97.78537, , 
443,"J.J.SeabrookDr.,E.MartinLutherKingJr.Dr.,Austin,TX",30.2846,-97.69061,12, 
444,"Cherrywood,Manor,Austin,TX",30.2844,-97.7185,17, 
445,"MargaLane,DrewLane,Austin,TX",30.16998,-97.83335,14,41
446,"Manchaca,Edgeware,Austin,TX",30.26759,-97.74299, , 
447,"Manchaca,Edgeware,Austin,TX",30.26759,-97.74299, , 
448,"Hunt,Treadwell(1stG),Austin,TX",30.34389,-97.74763, ,11
449,"Hunt,Treadwell(2ndG),Austin,TX",30.34389,-97.74763, ,8
450,"Hunt,Treadwell(3rdG),Austin,TX",30.34389,-97.74763, ,7
451,"MargaLane,DrewLane,Austin,TX",30.16998,-97.83335,11, 
452,"Lorrain,13th,Austin,TX",30.27982,-97.7557,8, 
453,"Lorrain,13th,Austin,TX",30.27982,-97.7557,50,24
454,"Taeback,ChurchCanyon,Austin,TX",30.36099,-97.63832, ,7
455,"JohnnyMorris,Loyola,Austin,TX",30.30019,-97.64827, ,9
456,"FencePost,ElSalido,Austin,TX",30.45595,-97.81995, ,7
457,"TerraceDrive,Newning,Austin,TX",30.24282,-97.74833,36, 
458,"PattonRanchRd.,Vega,Austin,TX",30.24246,-97.85748,31, 
459,"Pen,VegaAve,Austin,TX",30.26759,-97.74299,10, 
460,"Rundburg,Teasdale,Austin,TX",30.14767,-97.77148, ,7
461,"Rundburg,Teasdale,Austin,TX",30.14767,-97.77148, , 
462,"WestPointer,Pointer,Austin,TX",30.36633,-97.71451, , 
463,"WestPointer,Pointer,Austin,TX",30.36633,-97.71451, , 
464,"BigTrailCove,WindRiver,Austin,TX",30.41173,-97.74071, ,8
465,"MLK,Clifford,Austin,TX",30.28195,-97.70771, , 
466,"MLK,Clifford,Austin,TX",30.28195,-97.70771, , 
467,"MLK,Clifford,Austin,TX",30.28195,-97.70771, , 
468,"MLK,Clifford,Austin,TX",30.28195,-97.70771, , 
469,"MLK,Clifford,Austin,TX",30.28195,-97.70771, , 
470,"MLK,Clifford,Austin,TX",30.28195,-97.70771, , 
471,"SantaMaria,Pedernales,Austin,TX",30.2569,-97.71555,113, 
472,"OakHollowCircle,QuailValleyBlvd.,Austin,TX",30.3776,-97.70897,17,0
473,"PalmaPlaza,MarshallLane,Austin,TX",30.28119,-97.75653,210,0
474,"Sunbright,FM2001,Austin,TX",30.26759,-97.74299,0,0
475,"Sunbright,FM2001,Austin,TX",30.26759,-97.74299,14,0
476,"KenwoodAvenue,Mariposa,Austin,TX",30.23943,-97.74305,22,0
477,"KenwoodAvenue,Mariposa,Austin,TX",30.23943,-97.74305,29,0
478,"KenwoodAvenue,Mariposa,Austin,TX",30.23943,-97.74305,25,0
479,"Bloomsbury,Downing,Austin,TX",30.26759,-97.74299,18,0
480,"JeanDrive,Grady,Austin,TX",30.37318,-97.6839,14,0
481,"JeanDrive,Grady,Austin,TX",30.37318,-97.6839,21,0
482,"JeanDrive,Grady,Austin,TX",30.37318,-97.6839,73,0
483,"BrodieLane,Elijahstreet,Austin,TX",30.20413,-97.83664,29,0
484,"PeregrineFalcon,PurpleHeron,Austin,TX",30.26876,-97.81054,15,0
485,"Pinnacle,PeregrineFalcon,Austin,TX",30.27088,-97.81071,0,0
486,"AtlantaStreet,Veteran'sDrive,Austin,TX",30.27572,-97.77157,25,0
487,"AdamChapel,E.3rdSt.,Austin,TX",30.26477,-97.74212,30,0
488,"AdamChapel,E.3rdSt.,Austin,TX",30.26477,-97.74212,30,0
489,"VallecitoCove,VallecitoDrive,Austin,TX",30.42174,-97.76746,0,0
490,"Gonzalez,Springdale,Austin,TX",30.28562,-97.8081,110,0
491,"Gonzalez,Springdale,Austin,TX",30.28562,-97.8081,70,0
492,"Gonzalez,Springdale,Austin,TX",30.28562,-97.8081,32,0
493,"Gonzalez,Springdale,Austin,TX",30.28562,-97.8081,110,0
494,"Northridge,Belfast,Austin,TX",30.31343,-97.69657,23,0
495,"9th,Chicon,Austin,TX",30.26419,-97.72138,48,0
496,"Westview,Lucas,Austin,TX",30.3338,-97.7638,19,0
497,"Westview,BeverlyHills,Austin,TX",30.33612,-97.7671,97,18
498,"Westgate,Stassney,Austin,TX",30.219,-97.80716,0,0
499,"BlueBluff,FM969,Austin,TX",30.26257,-97.62122,0,0
500,"OldSayers,DeepSands,Austin,TX",30.26759,-97.74299,0,0
501,"BarleyFieldPass,DustyChisolmTrail,Austin,TX",,,13,0
502,"FlynnCircle,Bargamin,Austin,TX",30.2411,-97.89602,13,0
503,"WestOak,Slamar,Austin,TX",30.2999,-97.74381,22,0
504,"Westgate,Stassney,Austin,TX",30.219,-97.80716,13,0
505,"Clydesdale,HarpersFerry,Austin,TX",30.20463,-97.83012,0,25
506,"GunnisonPass,PurpleSage,Austin,TX",30.30878,-97.65348,13,0
507,"Lakeshore,LadyBirdLake,Austin,TX",30.2443,-97.72209,38,0
508,"CR470,CR619,Austin,TX",30.26759,-97.74299,15,0
509,"CR470,CR619(PondSample),Austin,TX",30.26759,-97.74299,0,0
510,"CR470,CR619(BlackMudSample),Austin,TX",30.10907,-97.7208,15,0
511,"Elk,Springdale,Austin,TX",30.28562,-97.8081,56,0
512,"Elk,Springdale,Austin,TX",30.28562,-97.8081,21,0
513,"Alf,Springdale(BACKYard),Austin,TX",30.26879,-97.69349,48,0
514,"Alf,Springdale(FRONTYard),Austin,TX",30.26879,-97.69349,34,0
515,"Bullard,WestShoal,Austin,TX",30.33942,-97.74847,18,0
516,"ChisholmLane,Slaughter-Garden,Austin,TX",30.17386,-97.81095,14,0
517,"ChisholmLane,Slaughter-WestSide,Austin,TX",30.17386,-97.81095,180,0
518,"ChisholmLane,Slaughter-FrontSide,Austin,TX",30.17386,-97.81095,15,0
519,"SlaughterLane,TexasOaks,Austin,TX",30.17381,-97.81442,0,0
520,"SiloValleyDr.,LongDayDr.,Austin,TX",30.35877,-97.64483,0,0
521,"Montopolis,Hwy71,Austin,TX",30.2418756,-97.6921066,0,0
522,"Montopolis,Hwy71,Austin,TX",30.2418756,-97.6921066,0,0
523,"BlacklockDrive,LimerickAvenue,Austin,TX",30.41863,-97.69715,15,0
524,"AsterPass,ElSalido,Austin,TX",30.26759,-97.74299,0,0
525,"Speedway,43rd,Austin,TX",30.30642,-97.72984,140,0
526,"OldSayer,VFWRoad,Austin,TX",30.3921,-97.66973,0,0
527,"OldSayer,VFWRoad,Austin,TX",30.3921,-97.66973,0,0
528,"OldSayer,VFWRoad,Austin,TX",30.3921,-97.66973,0,0
529,"EastIH-35,Airport,Austin,TX",30.25986,-97.73728,42,0
530,"BlueBluff,FM969,Austin,TX",30.26257,-97.62122, , 
531,"BlueBluff,FM969,Austin,TX",30.26257,-97.62122, , 
532,"BlueBluff,FM969,Austin,TX",30.26257,-97.62122, ,6
533,"BlueBluff,FM969,Austin,TX",30.26257,-97.62122,12, 
534,"BlueBluff,FM969,Austin,TX",30.26257,-97.62122, , 
535,"BlueBluff,FM969,Austin,TX",30.26257,-97.62122, , 
536,"FM969,BlueBluffLane,Austin,TX",30.26257,-97.62122, , 
537,"Lauralan,Claxton,Austin,TX",30.24498,-97.90754, , 
538,"EMFranklin,MLK,Austin,TX",30.19818,-97.74257, , 
539,"RobinRoad,FM713,Austin,TX",30.35319,-97.70878, ,9
540,"BlueRidge,WindingRiverTrail,Austin,TX",30.56258,-97.73624, , 
541,"FriarTuck,LongBow,Austin,TX",30.23446,-97.75104,19,12
542,"HotSprings,Rotan,Austin,TX",30.22089,-97.8777, , 
543,"WilliamCannon,Westgate,Austin,TX",30.2071,-97.8154, ,20
544,"WilliamCannon,Westgate,Austin,TX",30.2071,-97.8154, ,16
545,"TowbridgeCircle,WinslowCourt,Austin,TX",30.14696,-97.81805, , 
546,"CatalpaStreet,WallerStreet,Austin,TX",30.27174,-97.72799,22, 
547,"Bandera,Springdale,Austin,TX",30.28416,-97.68375,9, 
548,"Isabelle,Rufus,Austin,TX",30.33347,-97.71363,9,8
549,"HeroDrive,TravisGreen,Austin,TX",30.25136,-97.84212, , 
550,"HeroDrive,TravisGreen,Austin,TX",30.25136,-97.84212, , 
551,"WestOakLoop,WestOakDrive,Austin,TX",30.24355,-97.78509, , 
552,"Waller,Flores,Austin,TX",30.25351,-97.73555, , 
553,"Academy,Sunny,Austin,TX",30.251,-97.74194,12, 
554,"MearnsMeadowBlvd,RutlandDrive,Austin,TX",30.36698,-97.70063, , 
555,"RutlandDrive,ParkfieldDrive,Austin,TX",30.36924,-97.70551,30,13
556,"StonebridgeDrive,RutlandDrive,Austin,TX",30.36885,-97.70467, , 
557,"FosterLn,ShoalCreekBlvd,Austin,TX",30.35857,-97.74081,29, 
558,"Bluebonnet,Hether,Austin,TX",30.25262,-97.77347, ,6
559,"Bluebonnet,Heather,Austin,TX",30.26759,-97.74299, , 
560,"SpeerLane,EmeraldForest,Austin,TX",30.20337,-97.79219, , 
561,"SpeerLane,EmeraldForest,Austin,TX",30.20337,-97.79219,13, 
562,"Hillcrest,SamuelHuston,Austin,TX",30.28035,-97.67565, , 
563,"BelfryPass,BriarcreekLoop,Austin,TX",30.49283,-97.70469, ,11
564,"MadisonAve,WoodrowAve,Austin,TX",30.34414,-97.72524,19,11
565,"Poplar,Maple,Austin,TX",30.26759,-97.74299, , 
566,"DonovanCircle,ZellerLane,Austin,TX",30.39425,-97.66198, , 
567,"WanderingWay,BrushyView,Austin,TX",30.36674,-97.66511, , 
568,"Burnet,NorthLoop,Austin,TX",30.32583,-97.73963, , 
569,"Navasota,14thSt.,Austin,TX",30.27448,-97.72818,400, 
570,"FM1854,CR174,Austin,TX",30.26759,-97.74299, , 
571,"I-35,AirportBlvd,Austin,TX",30.30079,-97.71382,28, 
572,"Sharpes,Debba,Austin,TX",30.37286,-97.93736, ,8
573,"AlexandriaDr.,Horton,Austin,TX",30.20319,-97.84743, ,7
574,"IndianMoundDr,NLamar,Austin,TX",30.40584,-97.67857, , 
575,"IndianMoundDr,NLamar,Austin,TX",30.40584,-97.67857, ,8
576,"CalaverasDr.,TerraVerde,Austin,TX",30.49662,-97.77037, ,7
577,"ManorRd.,Rogge,Austin,TX",30.30455,-97.6813, , 
578,"ElderHillRd.,FM150,Austin,TX",30.3534921,-97.9210372, ,11
579,"ShavanoDr.,Wolftrap,Austin,TX",30.18337,-97.85894, ,9
580,"E.9thSt.,Lincoln,Austin,TX",30.26389,-97.72011,54, 
581,"Bath,Copperfield,Austin,TX",30.39548,-97.6595, , 
582,"SentinelHill,CoachHouse,Austin,TX",30.20907,-97.99611, , 
583,"SentinelHill,CoachHouse,Austin,TX",30.20907,-97.99611,15,13
584,"Willow,Chicon,Austin,TX",30.25621,-97.72507,40, 
585,"Waller,Clermont,Austin,TX",30.25434,-97.73517,20, 
586,"Waller,Clermont,Austin,TX",30.25434,-97.73517,24, 
587,"BartonHills,FarnswoodCircle,Austin,TX",30.25305,-97.79123, ,10
588,"BartonHills,FarnswoodCircle,Austin,TX",30.25305,-97.79123, , 
589,"Drake,Lockhart,Austin,TX",30.24388,-97.74866,678,33
590,"Drake,Park,Austin,TX",30.24868,-97.74689,199, 
591,"Pinehurst,LaCosta,Austin,TX",30.14313,-97.78875, , 
592,"Waller,Flores,Austin,TX",30.25351,-97.73555, , 
593,"Clara,Willow,Austin,TX",30.25381,-97.71818,23, 
594,"Waller,Clermont,Austin,TX",30.25434,-97.73517, , 
595,"PineyRidge,LaurelLn,Austin,TX",30.29658,-97.73766, , 
596,"PlattLn,FM973,Austin,TX",30.2331,-97.62701, ,9
597,"PlattLn,FM973,Austin,TX",30.2331,-97.62701,9, 
598,"PlattLn,FM973,Austin,TX",30.2331,-97.62701,33, 
599,"PlattLn,FM973,Austin,TX",30.2331,-97.62701, , 
600,"PlattLn,FM973,Austin,TX",30.2331,-97.62701, , 
601,"PlattLn,FM973,Austin,TX",30.2331,-97.62701,10, 
602,"Langston,Burnell,Austin,TX",30.31815,-97.669, ,11
603,"FarnswoodCircle,BartonHillsDrive,Austin,TX",30.25305,-97.79123, , 
604,"PoncaDrive,ThrasherLane,Austin,TX",30.23679,-97.69434,14, 
605,"PoncaDrive,ThrasherLane,Austin,TX",30.23679,-97.69434, ,9
606,"PoncaDrive,ThrasherLane,Austin,TX",30.23679,-97.69434, , 
607,"Berkeley,Cockburn,Austin,TX",30.2103,-97.80998, ,7
608,"GeorgeBush,290,Austin,TX",30.18974,-97.73479, , 
609,"PheasantRock,Margit,Austin,TX",30.44507,-97.76167, , 
610,"PheasantRock,Margit,Austin,TX",30.44507,-97.76167, , 
611,"Dinah,Yvette,Austin,TX",30.16552,-97.8345, , 
612,"Dinah,Yvette,Austin,TX",30.16552,-97.8345, ,14
613,"PeachLane,RoseRoad,Austin,TX",30.19615,-97.75277, ,6
614,"East30th,Dancy,Austin,TX",30.2954,-97.73977,18, 
615,"Hellinger,HWY95,Austin,TX",30.26759,-97.74299, ,7
616,"FM1626,Bluebonnet,Austin,TX",30.2547689,-97.7722291, , 
617,"Shadowood,Teakwood,Austin,TX",30.35864,-97.72581,21, 
618,"Woodmoor,Tannehill,Austin,TX",,, , 
619,"Woodmoor,Tannehill,Austin,TX",,, ,6
620,"Rte1431,NewHopeDr.,Austin,TX",30.46366,-97.80036, , 
621,"HorneDr.,CheckerDr.,Austin,TX",30.20077,-97.8401, , 
622,"LakelineBlvd,CypressCreekBlvd,Austin,TX",30.48424,-97.78323, , 
623,"Spicewood,FourIron,Austin,TX",30.43163,-97.77829, , 
624,"SLamar,Gibson,Austin,TX",30.25495,-97.76216,24, 
625,"VirginiaDareLane,MagnaCartaLoop,Austin,TX",30.33661,-97.64835, , 
626,"IndianSummerPass,Apache,Austin,TX",,, ,7
627,"MustangLane,CountryEstate,Austin,TX",30.42202,-97.73674,18,26
628,"Langston,Loyola,Austin,TX",30.31497,-97.67402, , 
629,"LaCasa,AnnArbor,Austin,TX",30.24672,-97.77945,9,7
630,"SpringMeadow,KnucklesCrossing,Austin,TX",30.19741,-97.73625, ,7
631,"SpringMeadow,KnucklesCrossing,Austin,TX",30.19741,-97.73625, ,17
632,"SpringMeadow,KnucklesCrossing,Austin,TX",30.19741,-97.73625, ,9
633,"MLK,Springdale,Austin,TX",30.28585,-97.68263, , 
634,"Oatmeal,Fairland,Austin,TX",30.43074,-97.66014, , 
635,"PaloBlanco,PinePlace,Austin,TX",30.19458,-97.74975, , 
636,"Waller,Lambie,Austin,TX",30.25527,-97.73474,9, 
637,"Waller,Lambie,Austin,TX",30.25527,-97.73474, , 
638,"S.MaryMooreSearight,SlaughterLane,Austin,TX",30.17392,-97.80743, , 
639,"EOltorfSt.,SchribenSt.,Austin,TX",30.23465,-97.74371, , 
640,"Calles,SmithSt.,Austin,TX",30.23799,-97.58685, , 
641,"Vineland,E.40thSt.,Austin,TX",30.29198,-97.70921, , 
642,"Coronado,Mathias,Austin,TX",30.2622,-97.71476, , 
643,"WhisperingWinds,WhisperingOaks,Austin,TX",30.20318,-97.81421, , 
644,"Manchaca,WilliamCannon,Austin,TX",30.26759,-97.74299, ,10
645,"EtonLane,Amherst,Austin,TX",30.41321,-97.72101, , 
646,"TomanetTrail,Chromite,Austin,TX",30.42326,-97.69611, , 
647,"SusquehannaLane,Manor,Austin,TX",30.31309,-97.66501, , 
648,"SusquehannaLane,Manor,Austin,TX",30.31309,-97.66501, , 
649,"SusquehannaLane,Dubuque,Austin,TX",30.31532,-97.66661, ,8
650,"Fiesta,Stokes,Austin,TX",30.26523,-97.70593, , 
651,"Fiesta,Stokes,Austin,TX",30.26523,-97.70593,14, 
652,"Tacon,Pecan,Austin,TX",30.26759,-97.74299, ,7
653,"FrostwoodTrail,BriarHollow,Austin,TX",30.46007,-97.77237, , 
654,"Broadmoor,Belfast,Austin,TX",30.30787,-97.70066,26, 
655,"Broadmoor,Belfast,Austin,TX",30.30787,-97.70066, , 
656,"ConnecticutDr.,Jamestown,Austin,TX",30.35859,-97.70504,9, 
657,"12thSt.,MeridianLane,Austin,TX",30.27517,-97.71114, , 
658,"Ohlen,LanierDr.,Austin,TX",30.36095,-97.72642,43, 
659,"Ohlen,LanierDr.,Austin,TX",30.36095,-97.72642,30, 
660,"RivieraDr.,LakelineBlvd,Austin,TX",30.47531,-97.81518, , 
661,"Haskell,Comal,Austin,TX",30.25399,-97.73074,107, 
662,"ConvictHillRd.,EscarpmentBlvd.,Austin,TX",30.22577,-97.86859, , 
663,"TomMiller,Antone,Austin,TX",30.29135,-97.7068, , 
664,"HaybarnLane,DocentCove,Austin,TX",30.26759,-97.74299, ,16
665,"QuickHill,Travesia,Austin,TX",30.47229,-97.69058, ,7
666,"ForestMesa,SpicewoodSprings,Austin,TX",30.36576,-97.75113,21,11
667,"Copano,Eskew,Austin,TX",30.20934,-97.84887, ,14
668,"Haskell,Comal,Austin,TX",30.25399,-97.73074,106, 
669,"Burlywood,Deercreek,Austin,TX",30.34048,-97.77301, , 
670,"Burlywood,Deercreek,Austin,TX",30.34048,-97.77301,9,9
671,"Springdale,MunsonSt.,Austin,TX",30.26971,-97.69291,23, 
672,"DorchesterHeights,MagnaCartaLoop,Austin,TX",30.34002,-97.64589, ,9
673,"FortMoultrie,MagnaCartaLoop,Austin,TX",30.33717,-97.6457, ,10
674,"VeteransDr.,Atlanta,Austin,TX",30.27572,-97.77157, , 
675,"IrionaBend,Coastal,Austin,TX",30.19775,-97.84879, , 
676,"WestbankDr.,PinnacleRd.,Austin,TX",30.27039,-97.80819, , 
677,"LimonLn,S.4thSt.,Austin,TX",30.23518,-97.7676, , 
678,"LimonLn,S.4thSt.,Austin,TX",30.23518,-97.7676, , 
679,"LoyolaLane,Willamette,Austin,TX",30.31595,-97.67491, ,9
680,"CharredOakDr.,SweetshadeLane,Austin,TX",30.42656,-97.77184, , 
681,"ValleyOakDr.,HancockDr.,Austin,TX",30.3314,-97.7569,56, 
682,"E4th.,Brushy,Austin,TX",30.26362,-97.73435,250, 
683,"Westgate,Stassney,Austin,TX",30.219,-97.80716, , 
684,"Westgate,Stassney,Austin,TX",30.219,-97.80716, , 
685,"Bonita,Bland,Austin,TX",30.30007,-97.7602,28.16,9.49
686,"KINNEY,COLLIER,Austin,TX",30.25299,-97.76775,75.72,0
687,"KINNEY,COLLIER,Austin,TX",30.25299,-97.76775,46.31,9.78
688,"KINNEY,COLLIER,Austin,TX",30.25299,-97.76775,22.58,14.85
689,"HogEyeRoad,BittingSchoolRoad,Austin,TX",30.28248,-97.62312,0,4.65
690,"HogEyeRoad,BiffingSchoolRoad,Austin,TX",30.28248,-97.62312,7.62,0
691,"AmherstDrive,AdelphiDrive,Austin,TX",30.42151,-97.71563,0,5.68
692,"PeggySt,Wheeless,Austin,TX",30.31569,-97.68803,26.62,0
693,"S.Sledge,3rdSt,Austin,TX",30.26477,-97.74212,8.82,10.89
694,"SunshineDr,49th,Austin,TX",30.31787,-97.73489,34.32,0
695,"WestBankDr,BeeCaveRoad,Austin,TX",30.27993,-97.8073,0,0
696,"WestBankDr,BeeCaveRoad,Austin,TX",30.27993,-97.8073,6.64,0
697,"NorthcrossDr,FosterLane,Austin,TX",30.3568,-97.7365,11.82,0
698,"Sunshine,LamarBlvd,Austin,TX",30.31483,-97.73652,25.08,8.66
699,"TravisCountryCircle,TravisGreen,Austin,TX",30.25914,-97.8412,8.15,0
700,"EtonLane,Tarragonna,Austin,TX",30.4148,-97.7232,13.18,0
701,"Perthshire,Bromcade,Austin,TX",30.26759,-97.74299,17.39,0
702,"Bullard,FairLane,Austin,TX",30.33857,-97.74875,42.27,19.1
703,"Bullard,WhiteRock,Austin,TX",30.33964,-97.74843,23.79,0
704,"SoCongress,AinsworthStreet,Austin,TX",30.20328,-97.77535,30.93,0
705,"Addison,Daugherty,Austin,TX",30.34427,-97.73946,24.49,7.89
706,"OldBastropHwy,US183,Austin,TX",30.22876,-97.68205,8.89,7.15
707,"E.34th,Speedway,Austin,TX",30.29812,-97.73511,0,0
708,"Harris,Hampton,Austin,TX",30.29377,-97.72677,24.11,7.12
709,"E.Baker,Moonlit,Austin,TX",,,0,0
710,"Windsor,Exposition,Austin,TX",30.29667,-97.76822,0,0
711,"Bouldin,LiveOak,Austin,TX",30.2458,-97.76197,45.68,0
712,"FM973,E.Braker,Austin,TX",30.3832721,-97.6899876,0,0
713,"Newfieldt,Enfield,Austin,TX",30.28564,-97.76328,22.18,0
714,"Ptarmigan,PrarieHenLane,Austin,TX",30.39213,-97.70308,9.34,7.01
715,"E.Baker,WhisperWillow,Austin,TX",30.2569,-97.72707,13.35,0
716,"12th,EMFranklan,Austin,TX",30.27779,-97.69457,10.66,0
717,"AspenDale,Eton,Austin,TX",30.41394,-97.72246,7.18,0
718,"FireCove,CampFireTrail,Austin,TX",30.2223,-97.85905,0,6.84
719,"Ashland,Greensboro,Austin,TX",30.30873,-97.6639,0,0
720,"AlegriaRd,Woodrow,Austin,TX",30.3343,-97.73038,48.53,0
721,"Pravada,Escondido,Austin,TX",30.26759,-97.74299,0,0
722,"BrookhillDr,Manchaca,Austin,TX",30.21474,-97.80242,19.03,7.67
723,"SantaMaria,Matamoros,Austin,TX",30.25789,-97.71843,50.3,0
724,"DeloresAve,MasonAve,Austin,TX",30.27534,-97.68449,99.44,0
725,"Gettysburg,NoCrossStreet,Austin,TX",30.2564,-97.73243,11.17,5.85
726,"BitternHollow,Lincolnshire,Austin,TX",30.39898,-97.6962,0,8.02
727,"Clayton,CameronRd,Austin,TX",30.31727,-97.69964,61.78,18.01
728,"MountaineerLane,EastWindDrive,Austin,TX",30.34471,-97.71747,11.67,0
729,"GraysonLane,Banton,Austin,TX",30.28792,-97.70912,34.57,0
730,"NPlattRiverDrive,CaravilliDrive,Austin,TX",30.1575,-97.81701,12.43,0
731,"Guadalupe,Airport,Austin,TX",30.33396,-97.71693,33.9,0
732,"Eilers,FairfieldLane,Austin,TX",30.3101,-97.71955,85.3,0
733,"DGCollins,Hwy183,Austin,TX",30.26759,-97.74299,9.09,0
734,"LiveOakStreet,EastSideDrive,Austin,TX",30.23975,-97.7477,58.37,0
735,"Nairn,Latta,Austin,TX",30.2127,-97.85205,0,7.35
736,"KillingsworthLane,CameronRd,Austin,TX",30.3327,-97.6862,7.28,0
737,"Newning,PecanGrove,Austin,TX",30.24924,-97.74459,32.76,0
738,"Kinney,Collier,Austin,TX",30.25299,-97.76775,19.45,12.87
739,"GuadalupeStreet,51st,Austin,TX",30.31765,-97.72847,0,5.36
740,"GuadalupeStreet,51stStreet,Austin,TX",30.31765,-97.72847,14.95,0
741,"CrestonLane,NorthwayDrive,Austin,TX",30.34366,-97.70974,46.61,0
742,"HighlandHavenDr,HesterAve,Austin,TX",30.25995,-97.66924,12.73,0
743,"EastHoveLoop,CorranFerryLoop,Austin,TX",30.20127,-97.85426,0,5.5
744,"EastHoveLoop,CarranFerryLoop,Austin,TX",30.20127,-97.85426,10.8,6.4
745,"WallerStreet,ClermontAve,Austin,TX",30.25434,-97.73517,24.59,0
746,"West12thStreet,PossumTrot,Austin,TX",30.28585,-97.77052,81.04,9.7
747,"West12thStreet,PossumTrot,Austin,TX",30.28585,-97.77052,8.56,5.5
748,"ScotlandWellDrive,TweedsmuirDrive,Austin,TX",30.42364,-97.79557,0,0
749,"ScotlandWellDrive,TweedsmuirDrive,Austin,TX",30.42364,-97.79557,11.94,0
750,"VanderbiltLane,DuguesneDr,Austin,TX",30.32027,-97.68171,14.39,0
751,"Morris,AndersonMill,Austin,TX",30.45623,-97.76655,12.59,0
752,"Hearwood,Thistlewood,Austin,TX",30.21349,-97.77239,11.12,0
753,"SilkOak,Bradner,Austin,TX",30.18612,-97.83852,8.42,11.31
754,"TahoeTrail,JonesRd,Austin,TX",30.22476,-97.80216,21.25,11.31
755,"NorthLoop,AvenueH,Austin,TX",30.31919,-97.72537,16.21,0
756,"EasyWind,Cannoneer,Austin,TX",30.3441,-97.71784,8.49,0
757,"WildcatPass,WolverineSt,Austin,TX",30.34241,-97.72045,0,7.1
758,"Banyan,SugarMagnolia,Austin,TX",30.26759,-97.74299,8.84,0
759,"HeathrowDr.,GreenwichMeridien,Austin,TX",30.42886,-97.77704,0,0
760,"Hornsby,Scurry,Austin,TX",30.38264,-97.68243,0,0
761,"WillowSpringsRd,Woodward,Austin,TX",30.22781,-97.75631,31.18,0
762,"Hornsby,Scurry,Austin,TX",30.38264,-97.68243,8.02,0
763,"Westgate,Stassney,Austin,TX",30.219,-97.80716,23.64,8.28
764,"ALn,RainbowBend,Austin,TX",30.28536,-97.75561,20.55,0
765,"Crestwind,WesternSky,Austin,TX",,,14.69,0
766,"RockwoodLn,PennyLn,Austin,TX",30.36714,-97.73349,12.33,0
767,"RayC.EwryLn,JWeism,Austin,TX",,,0,0
768,"N.Creek,Rundberg,Austin,TX",30.35997,-97.69181,14.67,7.91
769,"JainLn,StuartCir,Austin,TX",30.26252,-97.68695,18.65,0
770,"JainLn,StuartCir,Austin,TX",30.26252,-97.68695,9.17,0
771,"Dywer,Garner,Austin,TX",30.25632,-97.76795,11.91,0
772,"Dywer,Folts,Austin,TX",30.25745,-97.76979,10.48,0
773,"Brodie,Davis,Austin,TX",30.19531,-97.8423,0,10.14
774,"Crenata,Jollyville,Austin,TX",30.26759,-97.74299,7.95,5.78
775,"TaylorSt.,SanMarcosSt.,Austin,TX",30.25796,-97.73581,108.79,0
776,"620,2222,Austin,TX",30.40376,-97.85395,0,0
777,"FairfieldLn,Evans,Austin,TX",30.31072,-97.72075,47.35,0
778,"s.3rd,Annie,Austin,TX",30.24832,-97.75865,126.99,0
779,"Payne,ArroyoSeco,Austin,TX",30.33712,-97.73247,29.57,7.3
780,"Stokes,Tillery,Austin,TX",30.26417,-97.70305,310.47,0
781,"Baywood,Ceberry,Austin,TX",30.36833,-97.74763,9.32,0
782,"MapleleafDr.,Dogge,Austin,TX",30.30763,-97.69086,24.11,0
783,"RidgemontDr.,Nassau,Austin,TX",30.31245,-97.70063,0,0
784,"Leeward,Palisade,Austin,TX",30.34177,-97.784,28.76,10.05
785,"RidgemontDr.,Nassau,Austin,TX",30.31245,-97.70063,17.07,0
786,"Sunshine,W.49th,Austin,TX",30.31787,-97.73489,40.25,0
787,"JanesRanchRoad,Springfield,Austin,TX",30.16142,-97.73176,11.75,0
788,"SilverCreekDr.,CouncilBluffDr.,Austin,TX",30.43304,-97.7178,0,0
789,"BurnetRd,Pegram,Austin,TX",30.3454,-97.73753,31.5,0
790,"BurnetRd,Pegram,Austin,TX",30.3454,-97.73753,75.08,0
791,"BurnetRd,Pegram,Austin,TX",30.3454,-97.73753,49.07,0
792,"BurnetRd,Pegram,Austin,TX",30.3454,-97.73753,61.18,0
793,"Hudson,Delano,Austin,TX",30.27314,-97.67791,110.69,0
794,"Burnet,Pegram,Austin,TX",30.3454,-97.73753,68.68,17.53
795,"ShoalCreekBLvd,GreatOaksParkway,Austin,TX",30.31872,-97.74535,20.71,10.04
796,"CrownCt,VillaPark,Austin,TX",30.45941,-97.7709,17.13,0
797,"CrownCt,VillaPark,Austin,TX",30.45941,-97.7709,0,5.1
798,"MLK,Greenwood,Austin,TX",30.28344,-97.69813,9.23,5.09
799,"Fiesta,Stokes,Austin,TX",30.26523,-97.70593,14.01,0
800,"Fiesta,Stokes,Austin,TX",30.26523,-97.70593,25.44,7.33
801,"Pfenig,RockyCreek,Austin,TX",30.34048,-97.77301,0,0
802,"SummitHillDr,ScenicDr,Austin,TX",,,0,0
803,"AlexandriaDr,Horton,Austin,TX",30.20319,-97.84743,15.77,7.14
804,"Matthews,ForestWoodRd.,Austin,TX",30.19662,-97.80027,16.77,0
805,"SummitHillDr,ScenicDr,Austin,TX",,,0,0
806,"Manor,Overbrook,Austin,TX",30.30406,-97.6818,38.22,12.29
807,"Parmer,CanyonRidge,Austin,TX",30.40238,-97.67022,0,0
808,"UpslopeDr,LaConchaPass,Austin,TX",30.23029,-97.87331,0,8.53
809,"17th,Chicon,Austin,TX",30.27776,-97.72077,99.41,0
810,"Stokes,Tillery,Austin,TX",30.26417,-97.70305,110.13,0
811,"Oriole,E.GarrettRun,Austin,TX",30.3663,-97.68785,25.53,0
812,"EquestrianTrail,AnarosaLoop,Austin,TX",30.42972,-97.69384,0,0
813,"CamachoSt.,BerkmanDr.,Austin,TX",30.29567,-97.70029,0,0
814,"Oriole,Longspur,Austin,TX",30.36495,-97.68791,16,0
815,"EquestrianTrail,AnarosaLoop,Austin,TX",30.42972,-97.69384,11.57,0
816,"AntoneSt.,Vaughan,Austin,TX",30.29144,-97.70329,7.85,0
817,"Brownie,Diamondback,Austin,TX",30.36677,-97.68486,12.5,0
818,"Duval,183,Austin,TX",30.41909,-97.74646,0,0
819,"S.Congress,Sheraton,Austin,TX",30.21522,-97.7688,8.4,0
820,"Brownie,Longspur,Austin,TX",30.36493,-97.68749,20.75,0
821,"Duval,183,Austin,TX",30.41909,-97.74646,12.5,0
822,"SlipperyElm,BristleOak,Austin,TX",30.45873,-97.81471,0,0
823,"ShowplaceLn,IH35,Austin,TX",30.3612,-97.68657,19.81,0
824,"Deen,N.Lamar,Austin,TX",30.35656,-97.70124,24.53,0
825,"Cherie,BitternHollow,Austin,TX",30.39793,-97.69505,9.79,0
826,"SandyBottom,BluePondDr,Austin,TX",,,12.16,6.5
827,"W.48th,Chiappero,Austin,TX",30.32263,-97.74882,32.61,13.94
828,"MorningGloryTrl,BristleOak,Austin,TX",30.45154,-97.82038,16.33,13.86
829,"Manchaca,Hwy71,Austin,TX",30.26759,-97.74299,0,0
830,"Oltorf,Schreiber,Austin,TX",30.23465,-97.74371,15.94,0
831,"Timberline,RollingwoodDr,Austin,TX",30.26759,-97.74299,11,0
832,"Bullard,Fairlan,Austin,TX",30.33857,-97.74875,24.76,8.12
833,"TimberlineDr,Edgegrove,Austin,TX",30.27334,-97.78896,0,10.86
834,"BunnyRun,Cedar,Austin,TX",30.34206,-97.80877,11.82,9.18
835,"Bullard,WhiteRock,Austin,TX",30.33964,-97.74843,50.7,13.65
836,"PaddleBendSprings,IH35,Austin,TX",,,20.58,11.04
837,"SisquocFormationView,AlaynaCove,Austin,TX",30.36546,-97.65346,11.4,0
838,"Pecan,E.WalnutDr,Austin,TX",30.3502,-97.69854,51.47,0
839,"PaddleBendSprings,IH35,Austin,TX",,,18.72,12.49
840,"BasketFlowerBend,PrairieVerbena,Austin,TX",,,0,5.41
841,"Windsor,Lamar,Austin,TX",30.26759,-97.74299,0,0
842,"51st,Leralynn,Austin,TX",30.31673,-97.72633,18.65,0
843,"BalconesWoodsCircle,183,Austin,TX",30.40789,-97.74557,18.69,0
844,"Independence,Rutledge,Austin,TX",30.2153,-97.8077,0,0
845,"Airport,Schieffer,Austin,TX",30.29412,-97.70799,8.45,5.51
846,"Westgate,WilliamCannon,Austin,TX",30.2071,-97.8154,0,0
847,"Bordeaux,TalleyFan,Austin,TX",30.43006,-97.80424,0,0
848,"Oriole,GarrettRun,Austin,TX",30.3663,-97.68785,11.75,0
849,"Westgate,WilliamCannon,Austin,TX",30.2071,-97.8154,11.05,0
850,"Oriole,GarrettRun,Austin,TX",30.3663,-97.68785,0,5.43
851,"Oriole,GarrettRun,Austin,TX",30.3663,-97.68785,15.92,0
852,"Grover,Alguno,Austin,TX",30.33118,-97.72797,85.28,12.99
853,"51st,Springdale,Austin,TX",30.29362,-97.67785,12.21,6.14
854,"FeatherRidgeTr.,RockyRidgeRoad,Austin,TX",30.41989,-97.94353,40.12,8.93
855,"SantaCruzDr,Duval,Austin,TX",30.41313,-97.73285,14.74,0
856,"PostOak,Bouldin,Austin,TX",30.2578,-97.75458,199.71,0
857,"SunshineDr.,49th,Austin,TX",30.31787,-97.73489,39,0
858,"Laird,Pequeno,Austin,TX",30.33861,-97.73796,18.89,7.77
859,"49th,Sunshine,Austin,TX",30.31787,-97.73489,35.79,0
860,"12th,Waller,Austin,TX",30.27245,-97.72813,47.93,8.34
861,"AveG,E.41st,Austin,TX",30.30327,-97.72939,74.53,18.91
862,"UpslopeDr,LaConchaPass,Austin,TX",30.23029,-97.87331,12.61,8.71
863,"UpslopeDr,LaConchaPass,Austin,TX",30.23029,-97.87331,10.28,0
864,"Sunshine,W.49th,Austin,TX",30.31787,-97.73489,30.07,0
865,"AveG,E.41st,Austin,TX",30.30327,-97.72939,90.08,0
866,"UpslopeDr,LaConchaPass,Austin,TX",30.23029,-97.87331,19.15,10.4
867,"HollywoodAve,EdgewoodAve,Austin,TX",30.29009,-97.72038,17.03,7.45
868,"UpslopeDr,LaConchaPass,Austin,TX",30.23029,-97.87331,10.88,6.56
869,"UpslopeDr,LaConchaPass,Austin,TX",30.23029,-97.87331,11.29,0
870,"BenWhite,Banister,Austin,TX",30.22811,-97.77912,11.1,0
871,"UpslopeDr,LaConchaPass,Austin,TX",30.23029,-97.87331,15.37,0
872,"BenWhite,Banister,Austin,TX",30.22811,-97.77912,9.47,0
873,"BenderDr,HoltDr,Austin,TX",30.20922,-97.83558,11.16,0
874,"MaloneDr.,MaloneCourt,Austin,TX",30.18148,-97.85466,15.07,9
875,"GabionDr,AllertonAve,Austin,TX",30.21303,-97.88702,17.51,6.59
876,"BenWhite,Banister,Austin,TX",30.22811,-97.77912,7.94,0
877,"UpslopeDr,LaConchaPass,Austin,TX",30.23029,-97.87331,9.11,5.54
878,"BenWhite,Banister,Austin,TX",30.22811,-97.77912,0,0
879,"BenWhite,Banister,Austin,TX",30.22811,-97.77912,14.25,0
880,"12th,Chicon,Austin,TX",30.27376,-97.7199,51.6,0
881,"MeadowoodDr,FredMorseDr,Austin,TX",30.31899,-97.67088,25.67,0
882,"BenWhite,Banister,Austin,TX",30.22811,-97.77912,0,0
883,"AlexadriaDr,Treehouse,Austin,TX",30.20232,-97.84566,0,8.46
884,"BenWhite,Banister,Austin,TX",30.22811,-97.77912,9.15,0
885,"HarmonAve,54th,Austin,TX",30.3136,-97.70992,48.97,0
886,"BenWhite,Banister,Austin,TX",30.22811,-97.77912,11.15,0
887,"2nd,WestAve,Austin,TX",30.26648,-97.75202,8.08,0
888,"Lupine,Upland,Austin,TX",30.24389,-97.73232,12.24,0
889,"FairOaks,Plumas,Austin,TX",30.2202,-97.79661,22.98,17.17
890,"Escarpment,Davis,Austin,TX",30.21164,-97.87643,19.34,0
891,"HarrisGlenn,Latchwood,Austin,TX",30.4011,-97.64941,0,0
892,"Escarpment,Davis,Austin,TX",30.21164,-97.87643,0,0
893,"CountryLn,MorningSunLn,Austin,TX",,,0,5.19
894,"TownesLn,Hillview,Austin,TX",30.2997,-97.76916,22.29,8.15
895,"ArroyoSeco,JimHogg,Austin,TX",30.33115,-97.73452,31.93,0
896,"FairOaks,Plumas,Austin,TX",30.2202,-97.79661,64.24,23.83
897,"ArroyoSeco,JimHogg,Austin,TX",30.33115,-97.73452,7.07,0
898,"9thst,Chicon,Austin,TX",30.26419,-97.72138,61.82,0
899,"46th,Burnet,Austin,TX",30.31667,-97.74077,29.7,9.77
900,"LaderaVista,MiramonteCv,Austin,TX",30.41756,-97.75655,21.95,0
901,"MeadowgreenDr,HumingtonDr,Austin,TX",30.23711,-97.93696,0,0
902,"Hwy84,SpeeglevilleRd,Austin,TX",30.26759,-97.74299,19.18,13.21
903,"RacoonRun,SilvermineDr,Austin,TX",30.24504,-97.88995,26.18,0
904,"Bouldin,Johanna,Austin,TX",30.24693,-97.76124,40.96,0
905,"RacoonRun,SilvermineDr,Austin,TX",30.24504,-97.88995,0,11.93
906,"Bouldin,LiveOak,Austin,TX",30.2458,-97.76197,60.18,0
907,"LovelyLn,YuccaHill,Austin,TX",30.17832,-97.75334,14.84,8.52
908,"TracyLynnLn,E.LeslieCir,Austin,TX",30.25563,-97.68712,22.74,0
909,"LaCasa,AnnArbor,Austin,TX",30.24672,-97.77945,0,0
910,"MeadowgreenDr,HumingtonDr,Austin,TX",30.23711,-97.93696,0,0
911,"620,2222,Austin,TX",30.40376,-97.85395,10.67,0
912,"Westloop,HalwillPl,Austin,TX",30.37185,-97.71863,34.32,0
913,"45thst,Caswell,Austin,TX",30.30544,-97.72094,50.22,0
914,"Bradwood,Ardenwood,Austin,TX",30.29948,-97.71556,139.2,0
915,"FarWest,Waterline,Austin,TX",30.36046,-97.76797,15.36,8.37
916,"10thSt.,TheresaAve,Austin,TX",30.28143,-97.7649,62,9.11
917,"RodeoDr,SlowPoke,Austin,TX",30.42806,-97.69212,0,7.34
918,"30th,Lamar,Austin,TX",30.29905,-97.74695,37.94,0
919,"30th,Lamar,Austin,TX",30.29905,-97.74695,7.92,0
920,"MelridgePl,BluebonnetLn,Austin,TX",30.25629,-97.77109,21.31,10.93
921,"Amherst,Eton,Austin,TX",30.41321,-97.72101,9.54,0
922,"TrailCrestCirc,KnobOak,Austin,TX",30.24921,-97.82874,0,0
923,"Deen,N.Lamar,Austin,TX",30.35656,-97.70124,21.73,0
924,"TrailCrestCirc,KnobOak,Austin,TX",30.24921,-97.82874,19.61,0
925,"Honey,Marquette,Austin,TX",30.31924,-97.68428,9.11,7.17
926,"21st,SalinaSt.,Austin,TX",30.26759,-97.74299,68.45,0
927,"GoldenQuail,ButtonQuail,Austin,TX",30.37834,-97.70256,19.44,0
928,"LimonLn,S.4thSt.,Austin,TX",30.23518,-97.7676,0,0
929,"GoldenQuail,ButtonQuail,Austin,TX",30.37834,-97.70256,11.31,0
930,"S.4thSt,LimonLn,Austin,TX",30.23518,-97.7676,9,0
931,"SereneHillsDr,SereneHillCt,Austin,TX",30.34369,-97.99768,10.63,0
932,"Cornflower,Archaleta,Austin,TX",30.26759,-97.74299,11.3,7.26
933,"Walker,KempSt,Austin,TX",30.23914,-97.69592,11.05,0
934,"Walker,KempSt,Austin,TX",30.23914,-97.69592,19.71,0
935,"W.391/2,Peterson,Austin,TX",30.37329,-97.96914,32.92,0
936,"Walker,KempSt,Austin,TX",30.23914,-97.69592,9.54,0
937,"Rosedale,W.39th1/2,Austin,TX",30.30934,-97.74662,29.01,0
938,"Walker,KempSt,Austin,TX",30.23914,-97.69592,17.94,0
939,"Riverside,Newning,Austin,TX",30.25351,-97.74379,14.23,0
940,"Walker,KempSt,Austin,TX",30.23914,-97.69592,34.92,0
941,"Newning,Riverside,Austin,TX",30.26759,-97.74299,13.56,0
942,"Walker,KempSt,Austin,TX",30.23914,-97.69592,19.89,0
943,"PerezStreet,JJSeabrookDr.,Austin,TX",30.28211,-97.69255,122.45,17.46
944,"DavisLn,WestGateBlvd,Austin,TX",30.19098,-97.83337,0,0
945,"WethersbyWay,ZellerLane,Austin,TX",30.39822,-97.65727,0,7.89
946,"PerezStreet,JJSeabrookDr.,Austin,TX",30.28211,-97.69255,15.84,9.66
947,"ReedDr,Randolf,Austin,TX",30.26759,-97.74299,13.76,0
948,"OneOakRd,BrushCountry,Austin,TX",30.21977,-97.84401,10.4,0
949,"Hatley,InwoodCir,Austin,TX",30.27494,-97.78118,32.05,16.8
950,"PinceaPl,TrailRidgePass,Austin,TX",30.34101,-97.75753,9.05,0
951,"Dulac,AlvinHigh,Austin,TX",30.46214,-97.75932,8.55,0
952,"TrailheadDr.,WestlakeDr.,Austin,TX",30.33398,-97.81028,19.27,11.85
953,"BalconesClub,CrestRidgeCircle,Austin,TX",30.43691,-97.78191,22.28,0
954,"KingslandWay,HesterRd,Austin,TX",30.25975,-97.6702,17.42,0
955,"Briar,Milton,Austin,TX",30.25018,-97.75987,29.11,0
956,"PinceaPl,TrailRidgePass,Austin,TX",30.34101,-97.75753,8.85,0
957,"BallycastleTr,AveryRanch,Austin,TX",30.49395,-97.78339,12.5,0
958,"Robinson,Concordia,Austin,TX",30.29237,-97.71985,38.66,0
959,"TravisCountyCircle,Canyonwood,Austin,TX",30.24249,-97.82796,12.22,0
960,"CreoleDr.,LamplightVillage,Austin,TX",30.4276,-97.68921,0,0
961,"TravisCountyCircle,Canyonwood,Austin,TX",30.24249,-97.82796,0,0
962,"CreoleDr.,LamplightVillage,Austin,TX",30.4276,-97.68921,0,0
963,"WhisperingValleyDr,MistyBrookDr,Austin,TX",30.41776,-97.73278,8.63,7.07
964,"Mountaineer,SugarMagnolia,Austin,TX",30.34424,-97.71654,0,5.23
965,"TravisCountyCircle,Canyonwood,Austin,TX",30.24249,-97.82796,0,0
966,"Swearingen,Wiginton,Austin,TX",30.38963,-97.6968,9.42,0
967,"LemensSpiceTrail,FourIrons,Austin,TX",30.43636,-97.7801,15.13,0
968,"Swearingen,Wiginton,Austin,TX",30.38963,-97.6968,8.63,0
969,"LemensSpiceTrail,4IronDr.,Austin,TX",30.43636,-97.7801,15.07,0
970,"LemensSpiceTrail,FourIrons,Austin,TX",30.43636,-97.7801,0,5.33
971,"LemensSpiceTrail,FourIrons,Austin,TX",30.43636,-97.7801,8.61,0
972,"TrailcrestCircle,KnobOak,Austin,TX",30.24921,-97.82874,0,4.57
973,"TrailCrestCirc,KnobOak,Austin,TX",30.24921,-97.82874,0,0
974,"Scales,Mattie,Austin,TX",30.29491,-97.70274,0,0
975,"9thst,Henderson,Austin,TX",30.27361,-97.75171,45.88,0
976,"6th,WestAve,Austin,TX",30.27023,-97.75058,29.2,0
977,"WestAve.,9th,Austin,TX",30.27305,-97.74954,64,0
978,"Woodrow,Brentwood,Austin,TX",30.33739,-97.72845,35.88,0
979,"W.LisaDr,Isabelle,Austin,TX",30.33571,-97.71214,36.84,0
980,"47th,AvenueF,Austin,TX",30.31095,-97.72532,22.76,7.54
981,"Brodie,Bismark,Austin,TX",30.14203,-97.84754,0,0
982,"Brodie,Bismark,Austin,TX",30.14203,-97.84754,8.87,0
983,"Bickler,Academy,Austin,TX",30.25099,-97.74178,134.48,0
984,"LaNaranjaLn,AbileneTrl,Austin,TX",30.21401,-97.87309,13.22,14.79
985,"MLK,HilldaleDr,Austin,TX",30.28668,-97.67156,25.38,0
986,"Burnet,Koenig,Austin,TX",30.3348,-97.73983,11.02,0
987,"Westmoor,BerkmanDr.,Austin,TX",30.30704,-97.69692,23.51,0
988,"DinahDr,YvetteCv,Austin,TX",30.16552,-97.8345,11.32,0
989,"DinahDr,YvetteCv,Austin,TX",30.16552,-97.8345,0,6.04
990,"Windsor,Lorrain,Austin,TX",30.28225,-97.75442,270.04,0
991,"Woodrow,Madison,Austin,TX",30.34414,-97.72524,25.85,0
992,"ReaganTerrace,Kenwood,Austin,TX",30.24424,-97.74036,22.04,10
993,"Atlanta,Veterans,Austin,TX",30.27572,-97.77157,12.02,0
994,"Atlanta,Veterans,Austin,TX",30.27572,-97.77157,23.16,20.82
995,"FiskvilleCemetaryRd,Rundberg,Austin,TX",30.35493,-97.68285,8.7,0
996,"281/2ST,SaladoSt,Austin,TX",30.29549,-97.74501,63.51,15.71
997,"BenCrenshaw,Whitemarsh,Austin,TX",30.28402,-97.84254,6.87,0
998,"BenCrenshaw,Whitemarsh,Austin,TX",30.28402,-97.84254,11.8,8.71
999,"Greenlawn,GreatNorthern,Austin,TX",30.35364,-97.74661,24.54,0
1000,"Stardust,ShoalCreek,Austin,TX",30.35232,-97.74172,21.53,0
1001,"Stardust,ShoalCreek,Austin,TX",30.35232,-97.74172,38.13,0
1002,"Stardust,ShoalCreek,Austin,TX",30.35232,-97.74172,24.87,7.66
1003,"LarkwoodDr,BerkmanDr.,Austin,TX",30.31074,-97.69459,21.13,0
1004,"Greenlee,Rockcrest,Austin,TX",30.33852,-97.70772,0,0
1005,"A.W.Grimes,ThompsonTrl,Austin,TX",,,9.09,0
1006,"CushingDr,SchoolDaysDr,Austin,TX",,,7.75,8.7
1007,"DeckerLn,Duffan,Austin,TX",30.31036,-97.61563,8.38,0
1008,"AnteroDr,Steck,Austin,TX",30.378,-97.75795,0,8.21
1009,"BloorRd,BlueBluff,Austin,TX",30.30903,-97.59191,9.5,8.04
1010,"St.EdwardsDr,EastsideDr,Austin,TX",30.23147,-97.75106,9.79,0
1011,"RollingwoodDr,Vale,Austin,TX",30.26976,-97.78073,46.95,8.84
1012,"Jamestown,Alden,Austin,TX",30.35665,-97.70685,13.53,0
1013,"MerriwoodDr,CraigmontDr,Austin,TX",30.19976,-97.7808,12.88,0
1014,"ShoalCreekBLvd,SilverleafDr.,Austin,TX",30.35346,-97.74061,6.38,0
1015,"ShoalCreekBLvd,SilverleafDr.,Austin,TX",30.35346,-97.74061,0,3.95
1016,"Nile,PleasantValley,Austin,TX",30.26885,-97.71174,16.23,0
1017,"LoneOakTr,JonesRd,Austin,TX",30.2283,-97.80945,7.62,0
1018,"LoneOakTr,JonesRd,Austin,TX",30.2283,-97.80945,8.95,0
1019,"Northeast,Leigh,Austin,TX",30.29295,-97.75656,30.91,8.5
1020,"Poquito,Rosewood,Austin,TX",30.26985,-97.71803,25.95,0
1021,"CairaCv,ScotlandWellDr,Austin,TX",30.4265,-97.79659,0,0
1022,"CairaCv,ScotlandWellDr,Austin,TX",30.4265,-97.79659,11.21,0
1023,"CairaCv,ScotlandWellDr,Austin,TX",30.4265,-97.79659,0,0
1024,"CairaCv,ScotlandWellDr,Austin,TX",30.4265,-97.79659,8.57,0
1025,"AxisCir,VineyardRidge,Austin,TX",30.14696,-97.81805,14.21,7.5
1026,"PickfairDr,SpicewoodPkwy,Austin,TX",30.44334,-97.80637,18.91,6.06
1027,"E.PowellLn,GeorgianDr,Austin,TX",30.34753,-97.70317,15.83,0
1028,"JohannaSt,S.2ndSt,Austin,TX",30.24607,-97.7584,64.63,0
1029,"GarnerAve,Ashby,Austin,TX",30.2551,-97.76869,20.12,11.58
1030,"WildBriarPass,ShannonOaks,Austin,TX",30.2778,-97.82296,10.7,0
1031,"ClaraSt,Pedernales,Austin,TX",30.2538,-97.71818,166.47,0
1032,"MetcalfeRd,Reeves,Austin,TX",30.22628,-97.73681,0,8.99
1033,"ForestTrail,VistaLn,Austin,TX",30.2906,-97.76656,14.05,0
1034,"PerryLn,Fairview,Austin,TX",30.32737,-97.76016,26.67,18.86
1035,"W.9th,Henderson,Austin,TX",30.27361,-97.75171,101.94,0
1036,"W.9th,Henderson,Austin,TX",30.27361,-97.75171,23.77,0
1037,"OakwoodDr,ScurrySt,Austin,TX",30.38273,-97.6777,8.75,7.83
1038,"SpicewoodSprings,Yaupon,Austin,TX",30.39097,-97.77685,0,0
1039,"Yaupon,Dianella,Austin,TX",30.41003,-97.7769,12.52,0
1040,"Georgian,Walnut,Austin,TX",30.35106,-97.7008,18.57,0
1041,"SEInnerLoop,RockrideLn,Austin,TX",,,0,4.91
1042,"RutherfordLn,FurnessDr,Austin,TX",30.3406,-97.69017,0,5.31
