Address,Latitude,Longitude
"Hearwood,Thistlewood,Austin, TX",30.213898,-97.774223
"Silk Oak,Bradner,Austin, TX",30.185817,-97.839934
"Tahoe Trail,Jones Rd,Austin, TX",30.224777,-97.804105
"North Loop,Avenue H,Austin, TX",30.314667,-97.7208
"Easy Wind,Cannoneer,Austin, TX",30.344105,-97.717867
"Wildcat Pass,Wolverine St,Austin, TX",30.343951,-97.720426
"Banyan,Sugar Magnolia,Austin, TX",30.389775,-97.710465
"Heathrow Dr.,Greenwich Meridien,Austin, TX",30.428864,-97.777019
"Hornsby,Scurry,Austin, TX",30.382658,-97.682436
"Willow Springs Rd,Woodward,Austin, TX",30.225576,-97.756956
"Hornsby,Scurry,Austin, TX",30.382658,-97.682436
"Westgate,Stassney,Austin, TX",30.21785,-97.801983
"A Ln,Rainbow Bend,Austin, TX",30.285476,-97.755762
"Crestwind,Western Sky,Austin, TX",30.334419,-97.738522
"Rockwood Ln,Penny Ln,Austin, TX",30.368465,-97.729649
"Ray C. Ewry Ln,J Weism,Austin, TX",30.151422,-97.840521
"N. Creek,Rundberg,Austin, TX",30.360126,-97.691563
"Jain Ln,Stuart Cir,Austin, TX",30.261714,-97.685252
"Jain Ln,Stuart Cir,Austin, TX",30.261714,-97.685252
"Dywer,Garner,Austin, TX",30.28965,-97.751611
"Dywer,Folts,Austin, TX",30.28965,-97.751611
"Brodie,Davis,Austin, TX",30.20036,-97.839677
"Crenata,Jollyville,Austin, TX",30.423615,-97.757313
"Taylor St. ,San Marcos St.,Austin, TX",30.257951,-97.735819
"620,2222,Austin, TX",30.323749,-97.724145
"Fairfield Ln,Evans,Austin, TX",30.310723,-97.720752
"s. 3rd,Annie,Austin, TX",30.24776,-97.756131
"Payne,Arroyo Seco,Austin, TX",30.337111,-97.73219
"Stokes,Tillery,Austin, TX",30.30918,-97.749786
"Baywood,Ceberry,Austin, TX",30.368338,-97.747652
"Mapleleaf Dr. ,Dogge,Austin, TX",30.351193,-97.712247
"Ridgemont Dr. ,Nassau,Austin, TX",30.312464,-97.700652
"Leeward,Palisade,Austin, TX",30.341757,-97.78398
"Ridgemont Dr. ,Nassau,Austin, TX",30.312464,-97.700652
"Sunshine,W. 49th,Austin, TX",30.319167,-97.735333
"Janes Ranch Road,Springfield,Austin, TX",30.165111,-97.730778
"Silver Creek Dr. ,Council Bluff Dr. ,Austin, TX",30.433026,-97.717874
"Burnet Rd,Pegram,Austin, TX",30.346784,-97.739923
"Burnet Rd,Pegram,Austin, TX",30.346784,-97.739923
"Burnet Rd,Pegram,Austin, TX",30.346784,-97.739923
"Burnet Rd,Pegram,Austin, TX",30.346784,-97.739923
"Hudson,Delano,Austin, TX",30.273423,-97.677929
"Burnet,Pegram,Austin, TX",30.346784,-97.739923
"Shoal Creek BLvd,Great Oaks Parkway,Austin, TX",30.365579,-97.73934
"Crown Ct,Villa Park,Austin, TX",30.459544,-97.770492
"Crown Ct,Villa Park,Austin, TX",30.459544,-97.770492
"MLK,Greenwood,Austin, TX",30.281209,-97.69686
"Fiesta,Stokes,Austin, TX",30.26522,-97.705959
"Fiesta,Stokes,Austin, TX",30.26522,-97.705959
"Pfenig & Rocky Creek,Austin, TX",30.455966,-97.614404
"Summit Hill Dr,Scenic Dr,Austin, TX",30.305418,-97.776598
"Alexandria Dr,Horton,Austin, TX",30.357351,-97.665102
"Matthews,Forest Wood Rd. ,Austin, TX",30.190999,-97.801827
"Summit Hill Dr,Scenic Dr,Austin, TX",30.305418,-97.776598
"Manor ,Overbrook,Austin, TX",30.30353,-97.682522
"Parmer,Canyon Ridge,Austin, TX",30.379977,-97.654293
"Upslope Dr,La Concha Pass,Austin, TX",30.230285,-97.873329
"17th,Chicon,Austin, TX",30.278096,-97.737751
"Stokes,Tillery,Austin, TX",30.30918,-97.749786
"Oriole,E. Garrett Run,Austin, TX",30.366301,-97.687842
"Equestrian Trail,Anarosa Loop,Austin, TX",30.339625,-97.741606
"Camacho St. ,Berkman Dr. ,Austin, TX",30.315962,-97.692671
"Oriole,Longspur,Austin, TX",30.366614,-97.693614
"Equestrian Trail,Anarosa Loop,Austin, TX",30.339625,-97.741606
"Antone St. ,Vaughan,Austin, TX",30.263103,-97.750684
"Brownie,Diamondback,Austin, TX",30.322087,-97.720061
"Duval ,183,Austin, TX",30.416513,-97.747333
"S. Congress,Sheraton,Austin, TX",30.270328,-97.734188
"Brownie,Longspur,Austin, TX",30.364989,-97.687636
"Duval,183,Austin, TX",30.416513,-97.747333
"Slippery Elm,Bristle Oak,Austin, TX",30.458712,-97.814729
"Showplace Ln,IH35,Austin, TX",30.360959,-97.687805
"Deen,N. Lamar,Austin, TX",30.377031,-97.688833
"Cherie,Bittern Hollow,Austin, TX",30.397914,-97.695026
"Sandy Bottom ,Blue Pond Dr,Austin, TX",30.450585,-97.566802
"W. 48th,Chiappero,Austin, TX",30.322631,-97.748812
"Morning Glory Trl,Bristle Oak,Austin, TX",30.451552,-97.820389
"Manchaca,Hwy 71,Austin, TX",30.204943,-97.622214
"Oltorf,Schreiber,Austin, TX",30.285037,-97.745402
"Timberline,Rollingwood Dr,Austin, TX",30.27343,-97.787153
"Bullard ,Fairlan,Austin, TX",30.338603,-97.748755
"Timberline Dr,Edgegrove,Austin, TX",30.273282,-97.789308
"Bunny Run,Cedar,Austin, TX",30.340828,-97.809697
"Bullard ,White Rock,Austin, TX",30.339633,-97.748439
"Paddle Bend Springs,IH35,Austin, TX",30.179451,-97.774719
"Sisquoc Formation View,Alayna Cove,Austin, TX",30.36589,-97.653186
"Pecan,E. Walnut Dr,Austin, TX",30.395296,-97.735211
"Paddle Bend Springs,IH35,Austin, TX",30.179451,-97.774719
"Basket Flower Bend,Prairie Verbena,Austin, TX",30.308606,-97.750622
"Windsor,Lamar,Austin, TX",30.256776,-97.760183
"51st,Leralynn,Austin, TX",30.315446,-97.724553
"Balcones Woods Circle,183,Austin, TX",30.406798,-97.74304
"Independence,Rutledge,Austin, TX",30.215162,-97.8078
"Airport,Schieffer,Austin, TX",30.294124,-97.707987
"Westgate,William Cannon,Austin, TX",30.206582,-97.816567
"Bordeaux,Talley Fan,Austin, TX",30.265382,-97.742933
"Oriole,Garrett Run,Austin, TX",30.366301,-97.687842
"Westgate,William Cannon,Austin, TX",30.206582,-97.816567
"Oriole,Garrett Run,Austin, TX",30.366301,-97.687842
"Oriole,Garrett Run,Austin, TX",30.366301,-97.687842
"Grover,Alguno,Austin, TX",30.331183,-97.727966
"51st,Springdale,Austin, TX",30.292955,-97.664455
"Feather Ridge Tr.,Rocky Ridge Road,Austin, TX",30.368787,-97.760882
"Santa Cruz Dr,Duval,Austin, TX",30.409256,-97.737169
"Post Oak,Bouldin,Austin, TX",30.258188,-97.75542
"Sunshine Dr. ,49th,Austin, TX",30.327544,-97.728808
"Laird,Pequeno,Austin, TX",30.33857,-97.737946
"49th,Sunshine,Austin, TX",30.319167,-97.735333
"12th,Waller,Austin, TX",30.272353,-97.729233
"Ave G,E. 41st,Austin, TX",30.300603,-97.724212
"Upslope Dr,La Concha Pass,Austin, TX",30.230285,-97.873329
"Upslope Dr,La Concha Pass,Austin, TX",30.230285,-97.873329
"Sunshine,W. 49th,Austin, TX",30.319167,-97.735333
"Ave G,E. 41st,Austin, TX",30.300603,-97.724212
"Upslope Dr,La Concha Pass,Austin, TX",30.230285,-97.873329
"Hollywood Ave,Edgewood Ave,Austin, TX",30.290092,-97.720388
"Upslope Dr,La Concha Pass,Austin, TX",30.230285,-97.873329
"Upslope Dr,La Concha Pass,Austin, TX",30.230285,-97.873329
"Ben White,Banister,Austin, TX",30.219022,-97.759709
"Upslope Dr,La Concha Pass,Austin, TX",30.230285,-97.873329
"Ben White,Banister,Austin, TX",30.219022,-97.759709
"Bender Dr,Holt Dr,Austin, TX",30.209204,-97.835638
"Malone Dr.,Malone Court,Austin, TX",30.181483,-97.854671
"Gabion Dr,Allerton Ave,Austin, TX",30.213027,-97.88702
"Ben White,Banister,Austin, TX",30.219022,-97.759709
"Upslope Dr,La Concha Pass,Austin, TX",30.230285,-97.873329
"Ben White,Banister,Austin, TX",30.219022,-97.759709
"Ben White,Banister,Austin, TX",30.219022,-97.759709
"12th,Chicon,Austin, TX",30.274092,-97.719855
"Meadowood Dr,Fred Morse Dr,Austin, TX",30.319825,-97.668199
"Ben White,Banister,Austin, TX",30.219022,-97.759709
"Alexadria Dr,Treehouse,Austin, TX",30.263742,-97.784621
"Ben White,Banister,Austin, TX",30.219022,-97.759709
"Harmon Ave,54th,Austin, TX",30.292974,-97.722771
"Ben White,Banister,Austin, TX",30.219022,-97.759709
"2nd,West Ave,Austin, TX",30.267879,-97.751731
"Lupine,Upland,Austin, TX",30.269353,-97.694961
"Fair Oaks,Plumas,Austin, TX",30.220219,-97.79665
"Escarpment ,Davis,Austin, TX",30.20775,-97.8672
"Harris Glenn ,Latchwood,Austin, TX",30.402051,-97.647641
"Escarpment ,Davis,Austin, TX",30.20775,-97.8672
"Country Ln,Morning Sun Ln,Austin, TX",30.202874,-97.940903
"Townes Ln,Hillview,Austin, TX",30.299704,-97.769168
"Arroyo Seco,Jim Hogg,Austin, TX",30.327473,-97.736856
"Fair Oaks,Plumas,Austin, TX",30.220219,-97.79665
"Arroyo Seco,Jim Hogg,Austin, TX",30.327473,-97.736856
"9th st,Chicon,Austin, TX",30.270845,-97.740864
"46th,Burnet,Austin, TX",30.315286,-97.732593
"Ladera Vista,Miramonte Cv,Austin, TX",30.417174,-97.750211
"Meadowgreen Dr,Humington Dr,Austin, TX",30.382218,-97.697006
"Racoon Run,Silvermine Dr,Austin, TX",30.241309,-97.891406
"Bouldin,Johanna,Austin, TX",30.246498,-97.759822
"Racoon Run,Silvermine Dr,Austin, TX",30.241309,-97.891406
"Bouldin,Live Oak,Austin, TX",30.245657,-97.761507
"Lovely Ln,Yucca Hill,Austin, TX",30.178335,-97.753343
"Tracy Lynn Ln,E. Leslie Cir,Austin, TX",30.255633,-97.687113
"LaCasa,Ann Arbor,Austin, TX",30.2073,-97.773079
"Meadowgreen Dr,Humington Dr,Austin, TX",30.382218,-97.697006
"620,2222,Austin, TX",30.323749,-97.724145
"Westloop,Halwill Pl,Austin, TX",30.310336,-97.703441
"45th st,Caswell,Austin, TX",30.304039,-97.71647
"Bradwood,Ardenwood,Austin, TX",30.299524,-97.715658
"Far West ,Waterline,Austin, TX",30.353463,-97.755001
"10th St.,Theresa Ave,Austin, TX",30.279738,-97.766031
"Rodeo Dr,Slow Poke,Austin, TX",30.428071,-97.692129
"30th,Lamar,Austin, TX",30.295749,-97.741049
"30th,Lamar,Austin, TX",30.295749,-97.741049
"Melridge Pl,Bluebonnet Ln,Austin, TX",30.256575,-97.77106
"Amherst ,Eton,Austin, TX",30.425306,-97.717605
"Trail Crest Circ,Knob Oak,Austin, TX",30.248807,-97.827911
"Deen,N. Lamar,Austin, TX",30.377031,-97.688833
"Trail Crest Circ,Knob Oak,Austin, TX",30.248807,-97.827911
"Honey ,Marquette,Austin, TX",30.276666,-97.671364
"21st,Salina St.,Austin, TX",30.266374,-97.721429
"Golden Quail,Button Quail,Austin, TX",30.37835,-97.70255
"Limon Ln,S. 4th St.,Austin, TX",30.235265,-97.767609
"Golden Quail,Button Quail,Austin, TX",30.37835,-97.70255
"S. 4th St,Limon Ln,Austin, TX",30.235265,-97.767609
"Serene Hills Dr,Serene Hill Ct,Austin, TX",30.334054,-97.999473
"Cornflower,Archaleta,Austin, TX",30.363576,-97.983218
"Walker,Kemp St,Austin, TX",30.239155,-97.695913
"Walker,Kemp St,Austin, TX",30.239155,-97.695913
"W. 39 1/2,Peterson,Austin, TX",30.304201,-97.741882
"Walker,Kemp St,Austin, TX",30.239155,-97.695913
"Rosedale,W. 39th 1/2,Austin, TX",30.308752,-97.745322
"Walker,Kemp St,Austin, TX",30.239155,-97.695913
"Riverside,Newning,Austin, TX",30.249866,-97.744154
"Walker,Kemp St,Austin, TX",30.239155,-97.695913
"Newning,Riverside,Austin, TX",30.249866,-97.744154
"Walker,Kemp St,Austin, TX",30.239155,-97.695913
"Perez Street,JJ Seabrook Dr. ,Austin, TX",30.282209,-97.692612
"Davis Ln,West Gate Blvd,Austin, TX",30.191103,-97.83244
"Wethersby Way,Zeller Lane,Austin, TX",30.396541,-97.658867
"Perez Street,JJ Seabrook Dr. ,Austin, TX",30.282209,-97.692612
"Reed Dr,Randolf,Austin, TX",30.304513,-97.742458
"One Oak Rd,Brush Country,Austin, TX",30.224972,-97.841683
"Hatley,Inwood Cir,Austin, TX",30.278343,-97.78582
"Pincea Pl,Trail Ridge Pass,Austin, TX",30.398119,-97.666839
"Dulac,Alvin High,Austin, TX",30.462166,-97.759315
"Trailhead Dr. ,Westlake Dr. ,Austin, TX",30.298983,-97.793382
"Balcones Club,Crest Ridge Circle,Austin, TX",30.442292,-97.786657
"Kingsland Way,Hester Rd,Austin, TX",30.259736,-97.670227
"Briar,Milton,Austin, TX",30.24793,-97.754476
"Pincea Pl,Trail Ridge Pass,Austin, TX",30.398119,-97.666839
"Ballycastle Tr,Avery Ranch,Austin, TX",30.493911,-97.783384
"Robinson,Concordia,Austin, TX",30.419004,-97.838171
"Travis County Circle,Canyonwood,Austin, TX",30.244643,-97.826874
"Creole Dr. ,Lamplight Village,Austin, TX",30.426753,-97.686493
"Travis County Circle,Canyonwood,Austin, TX",30.244643,-97.826874
"Creole Dr. ,Lamplight Village,Austin, TX",30.426753,-97.686493
"Whispering Valley Dr,Misty Brook Dr,Austin, TX",30.417794,-97.732798
"Mountaineer,Sugar Magnolia,Austin, TX",30.244572,-97.751884
"Travis County Circle,Canyonwood,Austin, TX",30.244643,-97.826874
"Swearingen,Wiginton,Austin, TX",30.389638,-97.696789
"Lemens Spice Trail,Four Irons,Austin, TX",30.435381,-97.782587
"Swearingen,Wiginton,Austin, TX",30.389638,-97.696789
"Lemens Spice Trail,4 Iron Dr. ,Austin, TX",30.436369,-97.780101
"Lemens Spice Trail,Four Irons,Austin, TX",30.435381,-97.782587
"Lemens Spice Trail,Four Irons,Austin, TX",30.435381,-97.782587
"Trailcrest Circle,Knob Oak,Austin, TX",30.248807,-97.827911
"Trail Crest Circ,Knob Oak,Austin, TX",30.248807,-97.827911
"Scales ,Mattie,Austin, TX",30.212299,-97.758794
"9th st,Henderson,Austin, TX",30.273213,-97.750996
"6th,West Ave,Austin, TX",30.269819,-97.751192
"West Ave. ,9th,Austin, TX",30.276211,-97.757883
"Woodrow,Brentwood,Austin, TX",30.33223,-97.730884
"W. Lisa Dr,Isabelle,Austin, TX",30.335757,-97.712154
"47th,Avenue F,Austin, TX",30.30883,-97.721054
"Brodie,Bismark,Austin, TX",30.194467,-97.831715
"Brodie,Bismark,Austin, TX",30.194467,-97.831715
"Bickler,Academy,Austin, TX",30.250192,-97.742343
"La Naranja Ln,Abilene Trl,Austin, TX",30.214331,-97.875229
"MLK,Hilldale Dr,Austin, TX",30.287839,-97.67086
"Burnet,Koenig,Austin, TX",30.3344,-97.741114
"Westmoor,Berkman Dr. ,Austin, TX",30.307024,-97.696912
"Dinah Dr,Yvette Cv,Austin, TX",30.16469,-97.834582
"Dinah Dr,Yvette Cv,Austin, TX",30.16469,-97.834582
"Windsor,Lorrain,Austin, TX",30.269231,-97.752092
"Reagan Terrace,Kenwood,Austin, TX",30.245759,-97.738653
"Atlanta ,Veterans,Austin, TX",30.276741,-97.771411
"Atlanta ,Veterans,Austin, TX",30.276741,-97.771411
"Fiskville Cemetary Rd,Rundberg,Austin, TX",30.350882,-97.685548
"28 1/2 ST,Salado St,Austin, TX",30.294136,-97.745139
"Ben Crenshaw,Whitemarsh,Austin, TX",30.284199,-97.845455
"Ben Crenshaw,Whitemarsh,Austin, TX",30.284199,-97.845455
"Greenlawn,Great Northern,Austin, TX",30.35111,-97.741234
"Stardust,Shoal Creek,Austin, TX",30.353462,-97.744246
"Stardust,Shoal Creek,Austin, TX",30.353462,-97.744246
"Stardust,Shoal Creek,Austin, TX",30.353462,-97.744246
"Larkwood Dr,Berkman Dr. ,Austin, TX",30.311803,-97.696626
"Greenlee,Rockcrest,Austin, TX",30.30073,-97.766784
"A.W. Grimes,Thompson Trl,Austin, TX",30.497888,-97.656448
"Cushing Dr,School Days Dr,Austin, TX",30.253698,-97.785554
"Decker Ln,Duffan,Austin, TX",30.30998,-97.616674
"Antero Dr,Steck,Austin, TX",30.378005,-97.757938
"Bloor Rd,Blue Bluff,Austin, TX",30.277483,-97.611596
"St. Edwards Dr,Eastside Dr,Austin, TX",30.234013,-97.750017
"Rollingwood Dr,Vale,Austin, TX",30.271735,-97.783864
"Jamestown,Alden,Austin, TX",30.356672,-97.706789
"Merriwood Dr,Craigmont Dr,Austin, TX",30.199771,-97.780813
"Shoal Creek BLvd,Silverleaf Dr.,Austin, TX",30.354779,-97.743165
"Shoal Creek BLvd,Silverleaf Dr.,Austin, TX",30.354779,-97.743165
"Nile,Pleasant Valley,Austin, TX",30.266913,-97.712659
"Lone Oak Tr,Jones Rd,Austin, TX",30.228227,-97.810142
"Lone Oak Tr,Jones Rd,Austin, TX",30.228227,-97.810142
"Northeast,Leigh,Austin, TX",30.313064,-97.677657
"Poquito ,Rosewood,Austin, TX",30.271893,-97.718458
"Caira Cv,Scotland Well Dr,Austin, TX",30.426511,-97.79658
"Caira Cv,Scotland Well Dr,Austin, TX",30.426511,-97.79658
"Caira Cv,Scotland Well Dr,Austin, TX",30.426511,-97.79658
"Caira Cv,Scotland Well Dr,Austin, TX",30.426511,-97.79658
"Axis Cir,Vineyard Ridge,Austin, TX",30.267153,-97.743061
"Pickfair Dr,Spicewood Pkwy,Austin, TX",30.439431,-97.810958
"E. Powell Ln,Georgian Dr,Austin, TX",30.348023,-97.703319
"Johanna St,S. 2nd St,Austin, TX",30.24605,-97.758396
"Garner Ave,Ashby,Austin, TX",30.25512,-97.768713
"Wild Briar Pass,Shannon Oaks,Austin, TX",30.277798,-97.822964
"Clara St,Pedernales ,Austin, TX",30.255926,-97.71576
"Metcalfe Rd,Reeves,Austin, TX",30.268325,-97.744944
"Forest Trail,Vista Ln,Austin, TX",30.213115,-97.866266
"Perry Ln,Fairview,Austin, TX",30.249866,-97.744154
"W. 9th,Henderson,Austin, TX",30.275763,-97.750187
"W. 9th,Henderson,Austin, TX",30.275763,-97.750187
"Oakwood Dr,Scurry St,Austin, TX",30.380885,-97.678458
"Spicewood Springs,Yaupon,Austin, TX",30.401323,-97.776039
"Yaupon,Dianella,Austin, TX",30.410022,-97.776868
"Georgian,Walnut,Austin, TX",30.351297,-97.700509
"SE Inner Loop,Rockride Ln,Austin, TX",30.614175,-97.642944
"Rutherford Ln,Furness Dr,Austin, TX",30.342451,-97.688712
"Adelphi & Amherst,Austin, TX",30.421467,-97.715564
"Sol Wilson,Austin, TX",30.274909,-97.706218
"Blessing & E. Anderson,Austin, TX",30.334386,-97.691466
"Cameron & E. Anderson,Austin, TX",30.332182,-97.686546
"Lake Austin & Mopac,Austin, TX",30.326015,-97.756007
"Waterson & Mopac,Austin, TX",30.283345,-97.763488
"Bear Creek & FM 1826,Austin, TX",30.172994,-97.934036
"2nd- extra,Austin, TX",30.265393,-97.748053
"Stassney Ln. & West Gate,Austin, TX",30.218964,-97.807186
"Clermont & Waller,Austin, TX",30.25435,-97.735156
"Terrace & Eastside,Austin, TX",30.241985,-97.746764
"Kemp & Clovis,Austin, TX",30.243035,-97.693448
"C.Chavez & Mopac,Austin, TX",30.256365,-97.733523
"Mancha & TX Hwy 71,Austin, TX",30.32249,-97.740851
"Gardenia Garden & White Rock Dr.,Austin, TX",30.3389,-97.746093
"Jasmine & White Rock Dr.,Austin, TX",30.213739,-97.659177
"MLK & EM Franklin,Austin, TX",30.283744,-97.696136
"MKL & EM Franklin,Austin, TX",30.283056,-97.69585
"S. 1st & Stassney,Austin, TX",30.208433,-97.78155
"Blackberry & Lunar,Austin, TX",30.185797,-97.786865
"Crestlane,Austin, TX",30.307453,-97.61938
"St. John's,Austin, TX",30.332802,-97.700942
"Bluebonnet & Hether,Austin, TX",30.252628,-97.773472
"Walnut Ave. & 32nd,Austin, TX",30.286173,-97.714427
"Holly & Robert Martinez,Austin, TX",30.252108,-97.722398
"Joe Sayers & Woodrow,Austin, TX",30.326897,-97.735659
"Koenig & Burnet,Austin, TX",30.334813,-97.739848
"Grover & Woodrow,Austin, TX",30.34839,-97.723244
"Del Valle,Austin, TX",30.209107,-97.647235
"Oxford & Valeria,Austin, TX",30.249773,-97.770909
"Attar Cove & Charing Cross,Austin, TX",30.428922,-97.767485
"Longspur Blvd.,Austin, TX",30.366588,-97.692043
"Cooper,Austin, TX",30.194114,-97.793984
"E. Lola,Austin, TX",30.346041,-97.701992
"Wonaloy,Austin, TX",30.267153,-97.743061
"Shady Hollow,Austin, TX",30.164933,-97.862228
"Leander,Austin, TX",30.578806,-97.853069
"Vineland & E. 40th,Austin, TX",30.291997,-97.709236
"Leisurewoods & FM 1626,Austin, TX",30.123378,-97.867743
"E. 34th Street,Austin, TX",30.290575,-97.718157
"MLK & Springdale,Austin, TX",30.285835,-97.682656
"Werner Ave,Austin, TX",30.291686,-97.718378
"Walnut Ave.,Austin, TX",30.278905,-97.71294
"Oak & Shady Mtn,Austin, TX",30.219016,-97.766959
"Shade Mtn. & Oak Canyon,Austin, TX",30.307249,-97.926885
"Prairie Hen Ln & Hidden Quail,Austin, TX",30.393954,-97.700685
"Shadow Valley,Austin, TX",30.350899,-97.760172
"Single Trace & Townhill,Austin, TX",30.443733,-97.688298
"Antoinette Pl. & Cabana Ln.,Austin, TX",30.41925,-97.721741
"Suburban Dr. @ Tilbury,Austin, TX",30.210349,-97.767882
"Anderson Mill Rd. & 620,Austin, TX",30.455385,-97.825843
"Walnut & Hemlock,Austin, TX",30.287507,-97.71514
"Walnut & Manor,Austin, TX",30.285071,-97.714183
"Emerald Wood & S. 1st,Austin, TX",30.212867,-97.778539
"East 9th,Austin, TX",30.26713,-97.729108
"Bayton Loop,Austin, TX",30.221386,-97.808038
"Springdale -Front,Austin, TX",30.257596,-97.700119
"Springdale -Back jar,Austin, TX",30.300815,-97.673051
"Byron & Durnberry,Austin, TX",30.508224,-97.602944
"12th & Springdale ,Austin, TX",30.278961,-97.687041
"Ribbecke Lawn,Austin, TX",30.328524,-97.633452
"Nickols & Webberville,Austin, TX",30.264654,-97.780869
"Needham & Whalebridge Lns,Austin, TX",30.1914,-97.894836
"12th - Greenwood,Austin, TX",30.280577,-97.741261
"Springdale Rd. & Breeds Hill,Austin, TX",30.33845,-97.64873
"Bonwood Drive ,Austin, TX",30.506123,-97.692789
"14th & Comal,Austin, TX",30.275163,-97.724278
"Alta Vista Ave. & Woodland,Austin, TX",30.244073,-97.743204
"49th & Bennet,Austin, TX",30.308877,-97.714884
"FM 812,Austin, TX",30.132455,-97.648025
"Dorman Dr. & Jilbur,Austin, TX",30.5059,-97.733379
"Patterson ,Austin, TX",30.279068,-97.765385
"Gus Garcia,Austin, TX",30.351787,-97.682621
"Rundberg,Austin, TX",30.368072,-97.707627
"Glen Springs Way,Austin, TX",30.229444,-97.738995
"MoPac & C.Chavez,Austin, TX",30.275092,-97.769242
"Hart & Far West,Austin, TX",30.355056,-97.756675
"Nelson Ranch Loop & Anderson Mill Rd.,Austin, TX",30.454104,-97.768156
"I-35 & Flores,Austin, TX",30.253743,-97.736237
"NE Austin,Austin, TX",30.329897,-97.661502
"Hatley & Wallis,Austin, TX",30.276999,-97.783802
"Great Valley & Danridge,Austin, TX",30.463851,-97.816553
"Wm. Cannon & TX Hwy 71,Austin, TX",30.233977,-97.86486
"Wm. Cannon,Austin, TX",30.213103,-97.828598
"55th & Chesterfield,Austin, TX",30.321305,-97.722814
"Mopac & Wm. Cannon,Austin, TX",30.220734,-97.836896
"E. Oliver,Austin, TX",30.367238,-97.743441
"Brentwood & Elwood,Austin, TX",30.330877,-97.733523
"Rowood & Airport Blvd.,Austin, TX",30.299303,-97.710805
"Hwy 535/Rosanky,Austin, TX",29.930032,-97.293528
"Airport & 53rd,Austin, TX",30.31402,-97.715028
"Wally Ave. & Springdale,Austin, TX",30.281731,-97.685316
"Airport/45th,Austin, TX",30.194085,-97.671089
"Chisolm Ln. & Slaughter,Austin, TX",30.173854,-97.810934
"Chisolm & Slaughter (front),Austin, TX",30.174383,-97.810469
"Long Bed,Austin, TX",30.374599,-97.72822
"51st & 183,Austin, TX",30.292379,-97.663735
"Laona,Austin, TX",30.489935,-97.743648
"Bluebonnet & Lund,Austin, TX",30.24727,-97.777351
"Grover & Romer ,Austin, TX",30.331566,-97.727731
"45th -- Sunshine,Austin, TX",30.306739,-97.72495
"Corner,Austin, TX",30.264366,-97.743924
"Poncha Pass & La Concha Pass,Austin, TX",30.22919,-97.873256
"Plymouth & Jameson,Austin, TX",30.267153,-97.743061
"Westview & Lucas,Austin, TX",30.333826,-97.763826
"45th & Depew,Austin, TX",30.304383,-97.718698
"Parker & Glenn Springs,Austin, TX",30.229444,-97.738995
"9th & Chicon,Austin, TX",30.264186,-97.721377
"FM 112 & FM 696,Austin, TX",30.563022,-97.370668
"S. Lamar & Manchaca,Austin, TX",30.244303,-97.781325
"Slaughter & Manchaca,Austin, TX",30.173752,-97.823786
"Stuart Cr. & Stuart Ct.,Austin, TX",30.261233,-97.686083
"Chicon & 11th,Austin, TX",30.266058,-97.720521
"Chicon & 7th,Austin, TX",30.26256,-97.722131
"Chalmers & 11th,Austin, TX",30.26676,-97.722567
"10th & Menden,Austin, TX",30.278192,-97.758641
"Teakwood & Shadowwood Dr.,Austin, TX",30.358652,-97.7258
"Saddle & Black Angus,Austin, TX",30.422806,-97.730756
"Barx & Black Angus,Austin, TX",30.425147,-97.73091
"Monterrey Oaks CG,Austin, TX",30.230791,-97.837431
"Wells Port & Nathan,Austin, TX",30.449476,-97.678231
"Caesar Chavez & Chicon,Austin, TX",30.257123,-97.724636
"2709 Oak Crest Ave.,Austin, TX",30.238273,-97.764824
"1st & Stassney,Austin, TX",30.208433,-97.78155
"Hutchinson Dr. & 51st St.,Austin, TX",30.292595,-97.668088
"Bolm & Perry ,Austin, TX",30.256514,-97.686639
"Bolm & Mansell,Austin, TX",30.261123,-97.696092
"Oak Plaza & Walnut,Austin, TX",30.387679,-97.670318
"Bordeaux & Tallegron,Austin, TX",30.430322,-97.80579
"9th & Lincoln,Austin, TX",30.263899,-97.720128
"Fairweather & New Hope,Austin, TX",30.524409,-97.864133
"Vet Garden - Lago Vista Airpt.,Austin, TX",30.497398,-97.969163
"W. New Hope & FM 1431,Austin, TX",30.515562,-97.870222
"Sunshine & Lamar,Austin, TX",30.314906,-97.736643
"MLK & Airport,Austin, TX",30.28254,-97.703987
"Fairmont Cr. & Fairhill Ln.,Austin, TX",30.218484,-97.797786
"Patterson Ave. & Francis Ave.,Austin, TX",30.277634,-97.765948
"Webberville,Austin, TX",30.276051,-97.688846
"Decker Creek Dr.,Austin, TX",30.247157,-97.556164
"Canterbury & Navasota,Austin, TX",30.257617,-97.731266
"22nd & Chicon,Austin, TX",30.282784,-97.721849
"Manor Rd. & EM Franklin,Austin, TX",30.289058,-97.698611
"13th & Singleton Ave.,Austin, TX",30.275699,-97.714176
"E. 21st St. & Alamo,Austin, TX",30.282104,-97.719721
"28th & Layafette Ave.,Austin, TX",30.28518,-97.721343
"Davis Lane & Star Cross,Austin, TX",30.198451,-97.851574
"Wood Bed,Austin, TX",30.354027,-97.731507
"Oakwood Glen Dr. & Spider Lily,Austin, TX",30.466067,-97.828517
"Oakwood Glen Dr. & Spider Lily -- ANNEX,Austin, TX",30.46866,-97.830741
"Hancock & Valley Oak Dr.,Austin, TX",30.3314,-97.756905
"Denson & Guadalupe,Austin, TX",30.328876,-97.720427
"Independence Dr.,Austin, TX",30.214172,-97.805068
"51st Street,Austin, TX",30.318735,-97.730879
"Lakeline & Hwy 183,Austin, TX",30.479989,-97.801873
"Waller & I-35,Austin, TX",30.315446,-97.724553
"Juniper & Waller,Austin, TX",30.269711,-97.728617
"39th & Ave F,Austin, TX",30.301763,-97.731565
"Anderson Mill Rd. & Blk. Oak,Austin, TX",30.454082,-97.773313
"Lafayette & 30th,Austin, TX",30.286535,-97.720487
"53-1/2 St. & Harmon,Austin, TX",30.312967,-97.710326
"Brodie & Elijah St.,Austin, TX",30.204179,-97.836743
"45th St. & Shoalwood Ave.,Austin, TX",30.317073,-97.745124
"Beaver Brook Ln. & Orr,Austin, TX",30.179399,-97.793777
"Alf Ave. & Don Ann,Austin, TX",30.26743,-97.690677
"Burleson & Metcalfe,Austin, TX",30.230359,-97.735806
"Airport & Rowood,Austin, TX",30.299303,-97.710805
"I-35 & US-183,Austin, TX",30.339774,-97.700727
"Sunshine Garden @ 48th St. N. Lamar,Austin, TX",30.325127,-97.72788
"Airport & MLK,Austin, TX",30.28254,-97.703987
"S. 1st & Ramble Ln.,Austin, TX",30.211267,-97.779262
"Rockwood & Steck,Austin, TX",30.364662,-97.735046
"Schriber & Live Oak,Austin, TX",30.235807,-97.742891
"Prock & Springdale ,Austin, TX",30.270696,-97.69226
"Scotland Well & Caira Cove,Austin, TX",30.426511,-97.79658
"E. 2nd & Caney--West,Austin, TX",30.256991,-97.721283
"E. 2d & Caney --West,Austin, TX",30.256991,-97.721283
"E. 2nd & Caney -- East,Austin, TX",30.256991,-97.721283
"Broadmoor & Berkman,Austin, TX",30.306331,-97.697361
"Broadmoor & Berkman -- veg,Austin, TX",30.301246,-97.698795
"Red Willow & Benjamin Dr.,Austin, TX",30.241575,-97.89416
"Jamestown & Chesapeake,Austin, TX",30.357199,-97.706133
"6th & Marx,Austin, TX",30.27302,-97.757955
"Chappell Ln & Manchaca,Austin, TX",30.153266,-97.833275
"Comal & Concho St.,Austin, TX",30.262563,-97.726914
"Woodrow & Alegria,Austin, TX",30.334284,-97.730361
"39th & Red River,Austin, TX",30.297274,-97.723006
"Ave. H & 46th St.,Austin, TX",30.309291,-97.724311
"New Hampshire & Fairfield,Austin, TX",30.359115,-97.709075
"8th & Swenson,Austin, TX",30.263499,-97.715285
"Eton Ln. & Duval,Austin, TX",30.412781,-97.732096
"Bob Harrison & Navasota,Austin, TX",30.274027,-97.728081
"Pennsylvania & Greenwood ,Austin, TX",30.27552,-97.696973
"AW Grimes & Gattis School,Austin, TX",30.49631,-97.656616
"Gardener Rd. & Jain Ln.,Austin, TX",30.259838,-97.681743
"Hunt & Great Northern,Austin, TX",30.345152,-97.750597
"Wheless & Manor,Austin, TX",30.307808,-97.678532
"Ventus & Altum St.,Austin, TX",30.258129,-97.684136
"Walton Ln. & Boggy Creek,Austin, TX",30.258799,-97.68801
"Linden & Neal,Austin, TX",30.265767,-97.704665
"10th & Prospect -- Back,Austin, TX",30.267153,-97.743061
"10th & Prospect -- Front,Austin, TX",30.267153,-97.743061
"S. Redondo & Meander,Austin, TX",30.280926,-97.681072
"Arthur Stiles& Lotus Ln. A,Austin, TX",30.260705,-97.678239
"Arthur Stiles& Lotus Ln. B,Austin, TX",30.260705,-97.678239
"E. 28th & Dancy St.,Austin, TX",30.285731,-97.722453
"Hudson & Eleanor,Austin, TX",30.27379,-97.679307
"Nile & Pleasant Valley,Austin, TX",30.266369,-97.710282
"Hermitage & Furness -- A,Austin, TX",30.347142,-97.686062
"Hermitage & Furness -- B,Austin, TX",30.347142,-97.686062
"Gaylor & Guadalupe,Austin, TX",30.332787,-97.717708
"Cherrywood & Edgewood,Austin, TX",30.288001,-97.716037
"Treadwell St. & Garner,Austin, TX",30.258668,-97.766482
"Perry & Bolm,Austin, TX",30.256514,-97.686639
"Almarion ,Austin, TX",30.274318,-97.782816
"Morgan Ln.--front ,Austin, TX",30.229503,-97.781022
"Morgan Ln.--back,Austin, TX",30.229503,-97.781022
"Airport & 45th,Austin, TX",30.303614,-97.716046
"45th & Sunshine,Austin, TX",30.313619,-97.735955
"Sunshine Garden & 48th St. N. Lamar,Austin, TX",30.322361,-97.732073
"Goodwin,Tillery,Austin, TX",30.373857,-97.759816
"Rock Terrace Dr.,Barton Skyway,Austin, TX",30.251833,-97.785252
"J.J. Seabrook Dr.,E. Martin Luther King Jr. Dr.,Austin, TX",30.284605,-97.690593
"Cherrywood,Manor,Austin, TX",30.285131,-97.717815
"Marga Lane,Drew Lane,Austin, TX",30.169975,-97.833588
"Manchaca,Edgeware  ,Austin, TX",30.239352,-97.781537
"Hunt,Treadwell (1st G),Austin, TX",30.267153,-97.743061
"Hunt,Treadwell (2nd G),Austin, TX",30.267153,-97.743061
"Hunt,Treadwell (3rd G),Austin, TX",30.267153,-97.743061
"Lorrain,13th ,Austin, TX",30.281263,-97.755485
"Taeback,Church Canyon,Austin, TX",30.429593,-97.840663
"Johnny Morris,Loyola,Austin, TX",30.30163,-97.650907
"Fence Post,El Salido,Austin, TX",30.455942,-97.819396
"Terrace Drive,Newning,Austin, TX",30.247871,-97.745983
"Patton Ranch Rd.,Vega,Austin, TX",30.237991,-97.858761
"Pen,Vega Ave,Austin, TX",30.293667,-97.766071
"Rundburg,Teasdale,Austin, TX",30.35411,-97.68129
"West Pointer,Pointer,Austin, TX",30.367243,-97.714165
"Big Trail Cove,Wind River,Austin, TX",30.411265,-97.744262
"MLK,Clifford,Austin, TX",30.282033,-97.70768
"Santa Maria,Pedernales,Austin, TX",30.258487,-97.714649
"Oak Hollow Circle,Quail Valley Blvd.,Austin, TX",30.378152,-97.70738
"Palma Plaza,Marshall Lane,Austin, TX",30.282063,-97.757883
"Kenwood Avenue,Mariposa,Austin, TX",30.245759,-97.738653
"Bloomsbury,Downing,Austin, TX",30.431486,-97.773047
"Jean Drive,Grady,Austin, TX",30.373167,-97.683868
"Brodie Lane,Elijah street,Austin, TX",30.190492,-97.845306
"Peregrine Falcon,Purple Heron,Austin, TX",30.269798,-97.812365
"Pinnacle ,Peregrine Falcon,Austin, TX",30.268833,-97.810404
"Atlanta Street,Veteran's Drive,Austin, TX",30.276335,-97.771597
"Adam Chapel,E. 3rd St.,Austin, TX",30.257774,-97.723268
"Vallecito Cove,Vallecito Drive,Austin, TX",30.421755,-97.767449
"Gonzalez,Springdale,Austin, TX",30.258596,-97.704785
"Northridge,Belfast,Austin, TX",30.403662,-97.704652
"9th,Chicon,Austin, TX",30.261689,-97.721544
"Westview,Lucas,Austin, TX",30.337016,-97.765807
"Westview,Beverly Hills,Austin, TX",30.334697,-97.765404
"Westgate,Stassney,Austin, TX",30.21785,-97.801983
"Blue Bluff,FM 969,Austin, TX",30.277483,-97.611596
"Old Sayers,Deep Sands ,Austin, TX",30.229247,-97.354312
"Barley Field Pass,Dusty Chisolm Trail,Austin, TX",30.46089,-97.581242
"Flynn Circle,Bargamin,Austin, TX",30.241098,-97.896019
"West Oak,Slamar,Austin, TX",30.243481,-97.785127
"Clydesdale ,Harpers Ferry,Austin, TX",30.204636,-97.830127
"Gunnison Pass,Purple Sage,Austin, TX",30.457246,-97.820309
"Lakeshore,Lady Bird Lake,Austin, TX",30.244749,-97.723739
"CR 470,CR 619,Austin, TX",30.267153,-97.743061
"CR 470,CR 619 (Pond Sample),Austin, TX",30.267153,-97.743061
"CR 470,CR 619 (Black Mud Sample),Austin, TX",30.267153,-97.743061
"Alf,Springdale (BACK Yard),Austin, TX",30.290464,-97.867879
"Alf,Springdale (FRONT Yard),Austin, TX",30.421463,-97.714473
"Bullard,West Shoal,Austin, TX",30.308154,-97.748816
"Chisholm Lane,Slaughter-Garden,Austin, TX",30.174383,-97.810469
"Chisholm Lane,Slaughter-West Side,Austin, TX",30.174383,-97.810469
"Chisholm Lane,Slaughter - Front Side,Austin, TX",30.173988,-97.810936
"Slaughter Lane,Texas Oaks,Austin, TX",30.182117,-97.812373
"Silo Valley Dr.,Long Day Dr.,Austin, TX",30.358762,-97.644784
"Montopolis,Hwy 71,Austin, TX",30.218348,-97.668371
"Blacklock Drive,Limerick Avenue,Austin, TX",30.416436,-97.698585
"Aster Pass,El Salido,Austin, TX",30.467172,-97.834346
"Speedway ,43rd,Austin, TX",30.30662,-97.72962
"Old Sayer ,VFW Road,Austin, TX",30.327439,-97.362795
"East IH-35,Airport,Austin, TX",30.304332,-97.714568
"FM 969,Blue B luff Lane,Austin, TX",30.265628,-97.61404
"Lauralan,Claxton,Austin, TX",30.2447,-97.910547
"EM Franklin,MLK,Austin, TX",30.283056,-97.69585
"Robin Road,FM 713,Austin, TX",30.267153,-97.743061
"Blue Ridge,Winding River Trail,Austin, TX",30.309349,-97.788651
"Friar Tuck,Long Bow,Austin, TX",30.234476,-97.751054
"Hot Springs,Rotan,Austin, TX",30.431021,-97.671371
"William Cannon,Westgate,Austin, TX",30.20795,-97.815403
"Towbridge Circle,Winslow Court,Austin, TX",30.395085,-97.72625
"Catalpa Street,Waller Street,Austin, TX",30.271761,-97.727993
"Bandera,Springdale,Austin, TX",30.283277,-97.682169
"Isabelle,Rufus,Austin, TX",30.33347,-97.71364
"Hero Drive,Travis Green,Austin, TX",30.251357,-97.842106
"West Oak Loop,West Oak Drive,Austin, TX",30.245085,-97.760239
"Waller,Flores,Austin, TX",30.265664,-97.731824
"Academy,Sunny,Austin, TX",30.608386,-97.898601
"Mearns Meadow Blvd,Rutland Drive,Austin, TX",30.376653,-97.710967
"Rutland Drive,Parkfield Drive,Austin, TX",30.36871,-97.705341
"Stonebridge Drive,Rutland Drive,Austin, TX",30.376653,-97.710967
"Foster Ln,Shoal Creek Blvd,Austin, TX",30.365579,-97.73934
"Bluebonnet,Hether,Austin, TX",30.24727,-97.777351
"Bluebonnet,Heather,Austin, TX",30.24727,-97.777351
"Speer Lane,Emerald Forest,Austin, TX",30.210625,-97.787259
"Hillcrest,Samuel Huston,Austin, TX",30.280379,-97.675674
"Belfry Pass,Briarcreek Loop,Austin, TX",30.316508,-97.530394
"Madison Ave,Woodrow Ave,Austin, TX",30.344322,-97.72528
"Poplar,Maple,Austin, TX",30.257509,-97.694603
"Donovan Circle,Zeller Lane,Austin, TX",30.394275,-97.661973
"Wandering Way,Brushy View,Austin, TX",30.366737,-97.665091
"Burnet ,North Loop,Austin, TX",30.358896,-97.730097
"Navasota,14th St.,Austin, TX",30.275867,-97.741363
"FM 1854,CR 174,Austin, TX",29.913341,-97.551439
"I-35,Airport Blvd,Austin, TX",30.25748,-97.693148
"Sharpes,Debba,Austin, TX",30.370186,-97.933192
"Alexandria Dr.,Horton,Austin, TX",30.357351,-97.665102
"Indian Mound Dr,N Lamar,Austin, TX",30.40545,-97.677285
"Calaveras Dr.,Terra Verde,Austin, TX",30.496606,-97.770378
"Manor Rd.,Rogge,Austin, TX",30.304461,-97.681734
"Shavano Dr.,Wolftrap,Austin, TX",30.18344,-97.859797
"E. 9th St.,Lincoln,Austin, TX",30.263899,-97.720128
"Bath,Copperfield,Austin, TX",30.395871,-97.659651
"Sentinel Hill,Coach House,Austin, TX",30.209377,-97.993078
"Willow,Chicon,Austin, TX",30.257675,-97.751301
"Waller,Clermont,Austin, TX",30.254144,-97.73534
"Barton Hills,Farnswood Circle,Austin, TX",30.252411,-97.789947
"Drake,Lockhart,Austin, TX",30.284389,-97.823446
"Drake,Park,Austin, TX",30.248579,-97.747164
"Pinehurst,LaCosta,Austin, TX",30.324291,-97.698028
"Clara,Willow,Austin, TX",30.253804,-97.718119
"Piney Ridge,Laurel Ln,Austin, TX",30.355479,-97.887346
"Platt Ln,FM 973,Austin, TX",30.232676,-97.637435
"Langston,Burnell,Austin, TX",30.318166,-97.668986
"Farnswood Circle,Barton Hills Drive,Austin, TX",30.254169,-97.783174
"Ponca Drive,Thrasher Lane,Austin, TX",30.236786,-97.694332
"Berkeley,Cockburn,Austin, TX",30.210255,-97.808082
"Pheasant Rock,Margit,Austin, TX",30.444407,-97.761097
"Dinah,Yvette,Austin, TX",30.225767,-97.772809
"Peach Lane,Rose Road,Austin, TX",30.254382,-97.772088
"East 30th,Dancy,Austin, TX",30.287061,-97.721622
"Hellinger,HWY 95,Austin, TX",29.892492,-97.194107
"FM 1626,Bluebonnet,Austin, TX",30.24727,-97.777351
"Shadowood,Teakwood,Austin, TX",30.358652,-97.7258
"Woodmoor,Tannehill,Austin, TX",30.239108,-97.787008
"Rte 1431,New Hope Dr.,Austin, TX",30.527302,-97.856771
"Horne Dr. ,Checker Dr.,Austin, TX",30.200656,-97.868635
"Lakeline Blvd ,Cypress Creek Blvd,Austin, TX",30.47847,-97.823784
"Spicewood,Four Iron,Austin, TX",30.433708,-97.773081
"S Lamar,Gibson,Austin, TX",30.255018,-97.761916
"Virginia Dare Lane,Magna Carta Loop,Austin, TX",30.336396,-97.647014
"Indian Summer Pass,Apache,Austin, TX",30.503886,-97.639509
"Mustang Lane,Country Estate,Austin, TX",30.238048,-97.57216
"Langston,Loyola,Austin, TX",30.314981,-97.674019
"La Casa,Ann Arbor,Austin, TX",30.264275,-97.761675
"Spring Meadow,Knuckles Crossing,Austin, TX",30.19533,-97.732744
"MLK,Springdale,Austin, TX",30.300815,-97.673051
"Oatmeal,Fairland,Austin, TX",30.431096,-97.6609
"Palo Blanco,Pine Place,Austin, TX",30.19808,-97.747767
"Waller,Lambie,Austin, TX",30.255902,-97.736509
"S. Mary Moore Searight,Slaughter Lane,Austin, TX",30.158735,-97.808244
"E Oltorf St.,Schriben St.,Austin, TX",30.234936,-97.743506
"Calles,Smith St.,Austin, TX",30.259613,-97.712074
"Vineland,E. 40th St.,Austin, TX",30.298179,-97.721443
"Coronado ,Mathias,Austin, TX",30.278099,-97.744628
"Whispering Winds,Whispering Oaks,Austin, TX",30.200988,-97.814248
"Manchaca,William Cannon,Austin, TX",30.201361,-97.805625
"Eton Lane,Amherst,Austin, TX",30.424554,-97.714529
"Tomanet Trail,Chromite,Austin, TX",30.423064,-97.69632
"Susquehanna Lane,Manor,Austin, TX",30.313068,-97.664936
"Susquehanna Lane,Dubuque,Austin, TX",30.315306,-97.666599
"Fiesta,Stokes,Austin, TX",30.264707,-97.704579
"Tacon,Pecan,Austin, TX",30.2666,-97.739671
"Frostwood Trail,Briar Hollow,Austin, TX",30.459794,-97.774015
"Broadmoor,Belfast,Austin, TX",30.311078,-97.705289
"Connecticut Dr.,Jamestown,Austin, TX",30.358597,-97.705034
"12th St.,Meridian Lane,Austin, TX",30.280105,-97.758896
"Ohlen ,Lanier Dr.,Austin, TX",30.349428,-97.734104
"Riviera Dr. ,Lakeline Blvd,Austin, TX",30.476488,-97.815221
"Haskell,Comal,Austin, TX",30.253323,-97.730536
"Convict Hill Rd.,Escarpment Blvd.,Austin, TX",30.226747,-97.87267
"Tom Miller,Antone,Austin, TX",30.266048,-97.7404
"Haybarn Lane,Docent Cove,Austin, TX",30.557971,-97.587052
"Quick Hill,Travesia,Austin, TX",30.470646,-97.688734
"Forest Mesa,Spicewood Springs,Austin, TX",30.36778,-97.749227
"Copano,Eskew,Austin, TX",30.209292,-97.848481
"Burlywood,Deercreek,Austin, TX",30.463007,-97.806004
"Springdale,Munson St.,Austin, TX",30.269705,-97.692868
"Dorchester Heights,Magna Carta Loop,Austin, TX",30.339307,-97.645804
"Fort Moultrie,Magna Carta Loop,Austin, TX",30.337118,-97.647007
"Veterans  Dr.,Atlanta ,Austin, TX",30.276335,-97.771597
"Iriona Bend,Coastal,Austin, TX",30.197749,-97.848801
"Westbank Dr.,Pinnacle Rd.,Austin, TX",30.274022,-97.811538
"Limon Ln,S. 4th St.,Austin, TX",30.235265,-97.767609
"Loyola Lane,Willamette,Austin, TX",30.315951,-97.674893
"Charred Oak Dr.,Sweetshade Lane,Austin, TX",30.426556,-97.771826
"Valley Oak Dr.,Hancock Dr.,Austin, TX",30.3314,-97.756905
"E 4th. ,Brushy,Austin, TX",30.263467,-97.734693
"Bonita,Bland,Austin,TX",30.300083,-97.760204
"KINNEY,COLLIER,Austin,TX",30.252202,-97.766318
"Hog Eye Road,Bitting School Road,Austin,TX",30.281746,-97.622466
"Amherst Drive ,Adelphi Drive,Austin,TX",30.421337,-97.716479
"Peggy St,Wheeless,Austin,TX",30.311634,-97.684302
"Sunshine Dr,49th,Austin,TX",30.319167,-97.735333
"West Bank Dr,Bee Cave Road,Austin,TX",30.278369,-97.806356
"Northcross Dr,Foster Lane,Austin,TX",30.356406,-97.73821
"Sunshine,Lamar Blvd,Austin,TX",30.326016,-97.728784
"Travis Country Circle,Travis Green,Austin,TX",30.251917,-97.843272
"Eton Lane,Tarragonna,Austin,TX",30.41451,-97.722952
"Perthshire,Bromcade,Austin,TX",30.466228,-97.778824
"Bullard ,Fair Lane,Austin,TX",30.293616,-97.620153
"Bullard,White Rock,Austin,TX",30.339633,-97.748439
"So Congress ,Ainsworth Street,Austin,TX",30.203423,-97.776332
"Addison,Daugherty,Austin,TX",30.34427,-97.739435
"Old Bastrop Hwy,US 183,Austin,TX",30.226861,-97.680887
"E. 34th ,Speedway,Austin,TX",30.297759,-97.732949
"Harris,Hampton,Austin,TX",30.293801,-97.726806
"E. Baker,Moonlit,Austin,TX",30.247902,-97.774805
"Windsor,Exposition,Austin,TX",30.297202,-97.768351
"Bouldin,Live Oak,Austin,TX",30.240298,-97.768537
"FM 973,E. Braker,Austin,TX",30.210049,-97.637771
"Newfieldt,Enfield,Austin,TX",30.287795,-97.767331
"Ptarmigan,Prarie Hen Lane,Austin,TX",30.392123,-97.703082
"E. Baker,Whisper Willow,Austin,TX",30.256893,-97.727062
"12th,EM Franklan,Austin,TX",30.270142,-97.731271
"Aspen Dale ,Eton,Austin,TX",30.413886,-97.722457
"Fire Cove,Camp Fire Trail,Austin,TX",30.222295,-97.859058
"Alegria Rd,Woodrow,Austin,TX",30.334437,-97.729615
"Brookhill Dr,Manchaca,Austin,TX",30.214823,-97.802673
"Santa Maria ,Matamoros,Austin,TX",30.372612,-97.692015
"Delores Ave ,Mason Ave,Austin,TX",30.276227,-97.686364
"Bittern Hollow,Lincolnshire,Austin,TX",30.397007,-97.695414
"Clayton,Cameron Rd,Austin,TX",30.315519,-97.702904
"Grayson Lane,Banton,Austin,TX",30.287946,-97.709152
"N Platt River Drive,Caravilli Drive,Austin,TX",30.157358,-97.817017
"Guadalupe,Airport,Austin,TX",30.194085,-97.671089
"Eilers,Fairfield Lane,Austin,TX",30.314582,-97.716493
"DG Collins,Hwy 183,Austin,TX",30.175504,-97.705818
"Live Oak Street,East Side Drive,Austin,TX",30.251806,-97.792007
"Nairn,Latta,Austin,TX",30.216402,-97.864687
"Killingsworth Lane,Cameron Rd,Austin,TX",30.382023,-97.605186
"Newning,Pecan Grove,Austin,TX",30.262849,-97.760176
"Guadalupe Street,51st,Austin,TX",30.315446,-97.724553
"Guadalupe Street,51st Street,Austin,TX",30.303506,-97.737666
"Creston Lane,Northway Drive,Austin,TX",30.343675,-97.709759
"Highland Haven Dr,Hester Ave,Austin,TX",30.259964,-97.669239
"East Hove Loop,Corran Ferry Loop,Austin,TX",30.201268,-97.854287
"East Hove Loop,Carran Ferry Loop,Austin,TX",30.201268,-97.854287
"Waller Street,Clermont Ave,Austin,TX",30.25457,-97.735797
"West 12th Street,Possum Trot,Austin,TX",30.285518,-97.770501
"Scotland Well Drive,Tweedsmuir Drive,Austin,TX",30.422884,-97.793765
"Vanderbilt Lane,Duguesne Dr,Austin,TX",30.320858,-97.683673
"Morris,Anderson Mill,Austin,TX",30.453474,-97.776982
